ID,Label,Following,Followers,Tweets_count,Favourites,Time_Zone,Location
coapicito,coapicito,1256,572,17551,137,Madrid,
mxnrrie_,mxnrrie_,724,1159,32651,74925,Athens,"Madrid, España"
agentePerkins,agentePerkins,319,77,10155,1737,Madrid,
TheGrandPene,TheGrandPene,334,1394,67159,8759,Athens,"Bizkaia, País Vasco"
BIackesito,BIackesito,218,239,24115,4230,London,Logia's Maintenance Room
ToniQuique,ToniQuique,1881,1986,61444,73944,Amsterdam,Aquí 
Y2JIMWhite,Y2JIMWhite,369,590,35007,1199,Greenland,Reino Unido
ClaraPeke1997,ClaraPeke1997,200,186,29050,6511,,
ericbf23,ericbf23,831,277,3020,2881,Madrid,"Gavà, Països Catalans"
JDSato,JDSato,2567,1736,18305,1976,,Spain
lfledesmasainz,lfledesmasainz,1100,677,11721,55,Amsterdam,Sant Boi
GiovanniTrapato,GiovanniTrapato,439,51,541,1251,,
codecraftben,codecraftben,205,136,5308,6852,Pacific Time (US & Canada),URRS
BerbiquiS,BerbiquiS,298,210,5350,5440,,"Santa Berga de la Clòtxina, pedania del Piu de l'Àngel i de la Figa de Tatia."
Gaddock97,Gaddock97,179,466,15695,2126,,Galiza
squantum1714,squantum1714,72,172,62312,467,,
77_Rafa_77,77_Rafa_77,532,158,4674,731,Hawaii,
UnluckyDanieh,UnluckyDanieh,826,342,21603,26941,Madrid,Elche city 
joanart8,joanart8,1137,412,13253,8340,Athens,La Prospe 
juanma25553,juanma25553,97,82,8646,1883,,
GatoHitleriano,GatoHitleriano,929,5810,252791,146137,Madrid,Lago de Fuego Eterno de Satán.
patanhp,patanhp,16,17,1402,22,,
Esterbellr,Esterbellr,74,334,386,201,Athens,
gulfanclub,gulfanclub,265,70,5853,2004,London,
Notododepende,Notododepende,423,373,12072,4788,,Madrid 
Eustakiaso,Eustakiaso,81,31,192,201,Pacific Time (US & Canada),
Tomas_Pardo,Tomas_Pardo,262,405,16190,3143,Madrid,Barcelona
isaprospe,isaprospe,3378,4757,103079,7919,,
leeyescucha,leeyescucha,58,28,2526,1101,,
La_exorsister,La_exorsister,302,168,7077,1984,London,Bajo la sombrita del Teide
loba_esteparia,loba_esteparia,121,46,2233,0,Madrid,L´H City - Barcelona - Spain 
luciacc18,luciacc18,381,479,3110,4694,Athens,Cuenca
kehartitastoy,kehartitastoy,1488,1820,42271,43629,,"Cádiz, España"
mojacar12,mojacar12,140,430,121857,19758,Hawaii,
Quenosenteran,Quenosenteran,119,270,76403,154,Hawaii,ESPAÑA
SoriadeAsis,SoriadeAsis,1084,95,9600,111,Hawaii,Stuttgart (Spain)
anaexplosion,anaexplosion,161,190,6538,5094,Madrid,"Mordhaus, Mordland"
_josemigel,_josemigel,877,202,10583,985,,Un maño con sangre andaluza 
BigBadBosss,BigBadBosss,93,54,2945,3054,,
daniel11_10,daniel11_10,131,89,3641,15434,,
kronen0701,kronen0701,437,153,9210,3702,,
jordi_berry,jordi_berry,500,200,8282,943,Athens,
Bloodmoonspell,Bloodmoonspell,389,522,13820,27795,Madrid,verdes praderas de Alderaan
omalaled,omalaled,1182,2059,17727,567,Madrid,Barcelona
GOGOR66,GOGOR66,180,68,1145,779,,
Viva_RePPopular,Viva_RePPopular,311,53,624,180,Madrid,Valencia
doctormapache,doctormapache,898,1591,79753,11589,Madrid,
Mariscallucho,Mariscallucho,61,22,541,95,,Quiero volar
Fernando1711995,Fernando1711995,281,142,8612,1570,Amsterdam,
AnaLlames,AnaLlames,2592,2571,195429,7473,,
Antia_Ares,Antia_Ares,879,519,12031,752,,Second star to the right 
dekmania,dekmania,78,38,66,30,Madrid,
kimi_mh,kimi_mh,199,155,9621,4732,,dartmoor
albertmoli1,albertmoli1,489,445,3004,886,Amsterdam,
75pilicapi,75pilicapi,2185,6554,129992,10954,Athens,mañolandia 
igniwan,igniwan,2781,2792,55482,36214,Hong Kong,por hay 
O_edipus,O_edipus,600,809,120966,170009,,Right here
fran_ferreiros,fran_ferreiros,126,1125,26429,9186,UTC,Spain
arcadicanyot,arcadicanyot,163,103,3126,527,,
matussera,matussera,61,689,4852,6109,Pacific Time (US & Canada),Muy de mi calle y de mi risa.
PDLI_,PDLI_,1422,6445,5170,4162,,Madrid
samsonXu,samsonXu,253,244,31651,184,Pacific Time (US & Canada),"Barcelona, Cataluña"
NatiNatiruizv,NatiNatiruizv,90,33,1900,751,,logroño
Ossa_Major,Ossa_Major,309,920,58922,44942,Amsterdam,País Valencià~Països Catalans
funlazuli,funlazuli,1857,1331,4790,736,Bogota, Bogotá Distrito Capital
EmiliaToba,EmiliaToba,898,336,23004,285,,
arianlandrio97,arianlandrio97,1037,168,5294,3684,,Grado (Asturias)
Tirriji,Tirriji,160,46,289,335,,
Jervo_Vivaz,Jervo_Vivaz,135,41,1185,2074,,"Salamanca, España"
neis_98,neis_98,618,615,45900,7647,Madrid,Galicia
Paaaaugm,Paaaaugm,86,40,11504,8596,Athens,"Santa Cruz de Tenerife, Islas "
nanais1993,nanais1993,252,75,10550,2260,,Asturias
IgnacioHinojosa,IgnacioHinojosa,423,517,3166,237,Madrid,
Lacarrrpa,Lacarrrpa,912,6287,119529,218755,Madrid,
IviramAlonso,IviramAlonso,1445,1447,38789,34267,Belgrade,BCN
Etheldien,Etheldien,131,104,4799,1510,Greenland,"日本 東京, Japón Tokio"
Suprat__,Suprat__,78,190,957,262,Amsterdam,
Eccehumus,Eccehumus,738,5583,50874,166365,Amsterdam,En mi Macondo particular
19dmcj67,19dmcj67,199,52,3718,738,,
chooccha,chooccha,579,148,6216,3396,Amsterdam,
Aitor_Iribar,Aitor_Iribar,234,196,10145,4868,,
malborillo,malborillo,206,3038,41754,45421,Madrid,En la playa 
Cristin08jesse,Cristin08jesse,426,4205,111723,198393,,Soy de lejos.
sr_innavoig,sr_innavoig,220,272,8180,8338,Pacific Time (US & Canada),Chinazuela del Norte 
SusDenMucho,SusDenMucho,471,140,2161,25,Athens,En el Globo
potytoo,potytoo,1987,1079,9385,3933,,Ceuta/Marbella/Milano
gelu_lopez,gelu_lopez,198,419,47418,8402,Amsterdam,"Não-Me-Toque, Brasil"
1996Boldi,1996Boldi,318,304,20837,6097,Amsterdam,
MeLlamanPortas,MeLlamanPortas,418,328,17567,1921,,En el centro de quimismo
SanJosemiguel,SanJosemiguel,390,264,4250,1610,,
IMPECABLE10,IMPECABLE10,1352,649,111347,42291,Madrid,
Mia_Wallace_797,Mia_Wallace_797,304,780,71044,35719,Madrid,"Los Angeles, CA"
__Z__Z__Z__Z__,__Z__Z__Z__Z__,131,111,599,317,Madrid,127.0.0.1
no_sube,no_sube,299,226,7011,6262,Madrid,"Madrid, España"
pablo_obregon,pablo_obregon,1068,378,24845,11501,Madrid,sotto l'ombra di un bel fior
Jcongo15,Jcongo15,578,497,14161,8318,Athens,Madrid-España
Ana10vina,Ana10vina,419,598,18415,5983,Amsterdam,"Mirando al mar o al Ebro,según"
nenasub2,nenasub2,591,3491,84228,132198,Pacific Time (US & Canada),"Ordino, Andorra"
fatii_23_,fatii_23_,971,1123,19579,23803,Madrid,"Alcalá de Henares, España"
Darthpitufo,Darthpitufo,92,27,3791,4171,,Getafe
esasOtra,esasOtra,223,3021,52714,46593,,Spanien
irodripez,irodripez,270,66,435,799,Pacific Time (US & Canada),"De aquí, de allá."
CATALINAPIZARR1,CATALINAPIZARR1,411,489,58135,1977,Madrid,Madrid
cleosagas,cleosagas,1006,1024,49282,10954,Pacific Time (US & Canada),
Pau5ala5,Pau5ala5,470,70,831,868,Pacific Time (US & Canada)," Vilafranca del Penedès, PPCC"
PeterParkulen,PeterParkulen,213,1321,12259,7965,Madrid,La Internet
Ebanpuck,Ebanpuck,291,396,6836,1105,Athens,
migdiadacadadia,migdiadacadadia,37,35,745,1572,,
andriusplaza,andriusplaza,173,123,1463,1269,Athens,Palma 
mamenmamenmamen,mamenmamenmamen,755,355,7085,13427,,
jmm2025,jmm2025,92,30,467,1532,,
yaplimm,yaplimm,39,80,8721,27,,
alafuga,alafuga,119,121,2236,888,Madrid,Madrid
redskin19633,redskin19633,585,1993,46221,6101,,
ArhankoRepublic,ArhankoRepublic,1034,364,4870,10,Ljubljana,
jose_benjumea,jose_benjumea,605,99,1859,340,Athens,Santa Coloma de Gramenet
txipis75,txipis75,633,234,2325,254,Madrid,txipististan
monylapeti,monylapeti,1182,350,29350,11975,Hawaii,Madrid
AinaDiazV,AinaDiazV,1989,17573,91463,18399,Amsterdam,"Palma, Països Catalans"
isamaeba,isamaeba,422,272,4762,10848,,"Comunidad Valenciana, España"
jotspa,jotspa,1174,283,2527,3816,,
AlexiaOver,AlexiaOver,612,234,894,917,,
rauljurado79,rauljurado79,1765,273,2043,420,Madrid,"Sevilla, Andalucía"
nicanor_arturo,nicanor_arturo,146,30,705,414,,
malyilusionada,malyilusionada,170,100,4445,42,,Aguadulce.   Almeria
anlica2444,anlica2444,171,50,1088,601,,
oletusbuevos,oletusbuevos,2428,2798,34412,11992,,Vete a tu puelo
RamonBoira,RamonBoira,2484,1537,34671,10645,,
Giovane997,Giovane997,49,84,1779,859,Athens,Barcelona
Buse_sk8,Buse_sk8,489,219,2202,575,Madrid,"A Estrada, POntevedra, Galiza"
badomia666,badomia666,143,77,1532,983,,
castoracs,castoracs,1028,235,17975,25,,
AnibalAlvarez00,AnibalAlvarez00,271,42,2100,3386,,"Islas Canarias, España"
apceramista,apceramista,2213,2051,71856,291,,
Sc4Fortuna,Sc4Fortuna,4934,2036,32211,35047,,Cáceres - Spain
AlvaroIURonda,AlvaroIURonda,1111,1947,48730,14262,Madrid,"Ronda, Málaga"
IriaRodrguez,IriaRodrguez,795,114,4650,1237,Amsterdam,Galicia
alextoyourheart,alextoyourheart,330,733,54049,79407,Amsterdam,"Mataró, Catalunya ||*||"
MJose23342951,MJose23342951,171,290,13322,23996,Athens,Madrid
Lunadeluna23,Lunadeluna23,160,65,1524,131,,
malcornoque,malcornoque,424,721,63194,19337,Amsterdam,Andalucía Soberana
AlbertoCuezva,AlbertoCuezva,361,214,6739,1001,Athens,
AnaGarciaArrese,AnaGarciaArrese,234,132,22530,17946,Madrid,"Ames, Iowa, Galiza, spain "
Migansanso,Migansanso,2073,739,51439,45215,Brussels,Madrid
grangoig,grangoig,604,628,20244,10011,Pacific Time (US & Canada),País Valencià
moranjesus89,moranjesus89,2845,1831,49551,3744,,
sgroscar,sgroscar,272,70,1533,73,,"Collbató, Catalunya"
romulense,romulense,2210,900,34628,1015,,"Madrid, Comunidad de Madrid"
peponp,peponp,4460,2409,27186,404,,navas del rey
AlejandraLra,AlejandraLra,887,1074,7105,1019,Athens,Andén 9¾ 
Tonivelos,Tonivelos,2681,1401,64609,28517,,Utrera del Norte
merupuig,merupuig,2424,2540,113857,60154,,
latataguerrero,latataguerrero,825,879,13500,34776,Europe/Madrid,"Vinaròs, España"
asparuh7,asparuh7,2422,1805,106477,3391,Stockholm,suecia 
Endharr,Endharr,208,69,1770,721,,
rajregion4,rajregion4,359,139,3782,1497,Mountain Time (US & Canada),40 Orsett Terrace.
JordiAlfama,JordiAlfama,4193,1721,25804,688,,República Catalana 
GdeGerrard,GdeGerrard,80,323,16530,9401,Madrid,
florodelmonte,florodelmonte,1257,421,7874,1730,Pacific Time (US & Canada),
CarlaLevanterii,CarlaLevanterii,439,447,9660,3564,,Entre música i versos PV
M_Pino_92,M_Pino_92,308,949,45420,47371,Madrid,Sevilla
MariaaLool,MariaaLool,365,371,875,335,Athens,
spidderr,spidderr,223,76,5136,6718,,
emocionycambio,emocionycambio,6603,7076,230813,63767,Europe/Madrid, Desde Mayo  2014    Barcelona
luisalfaro41,luisalfaro41,254,23,437,2262,,
xavirivers1,xavirivers1,1484,1504,1717,71,,
gudaricatala1,gudaricatala1,2448,4283,68258,7387,Hawaii,de Bar en calle.....Catalunya
karen_xzx,karen_xzx,113,82,499,472,Athens,València
Ferreru4,Ferreru4,1139,1183,24180,1260,,
alma710,alma710,475,1277,107358,106261,Europe/Madrid,"Madrid, Esperando A Ed "
de_anguera,de_anguera,175,183,19361,4342,Ljubljana,
LuchyMiviv8951,LuchyMiviv8951,569,316,5835,1267,Pacific Time (US & Canada),España
59Pasajero,59Pasajero,382,378,873,653,,"La Roca del Vallès, Barcelona"
aangelonib,aangelonib,427,484,30940,10531,Paris,"País Valencià, Països Catalans"
est9_,est9_,43,44,7069,2,,
ignaccio55,ignaccio55,212,88,2874,19216,,"Sant Feliu de Guíxols, Espanya"
XabySCQ,XabySCQ,400,159,11176,1355,Madrid,
maki_1966,maki_1966,428,229,10134,1961,,Catalunya
ipua45,ipua45,1529,1364,19219,18330,,Madrid
bip_jaume,bip_jaume,1806,1904,24179,5740,Amsterdam,
merce_blitz,merce_blitz,341,1012,196229,17413,,Barcelona 
manza_32,manza_32,123,142,689,26,,
NestrellaG,NestrellaG,187,533,36789,886,Madrid,
adolfo71503323,adolfo71503323,253,106,907,830,,"Alcalá de Henares, España"
Naenrir,Naenrir,317,150,26957,26016,Pacific Time (US & Canada),Mundo digital
PilarHLuc,PilarHLuc,3284,11477,145689,105016,Madrid,
jrc728,jrc728,315,208,18709,11395,,
Edufranza,Edufranza,321,73,1121,3516,Athens,Galicia
RFllagg,RFllagg,151,108,9362,8280,Madrid,Prrreeeeecausión!
JuanmaBL97,JuanmaBL97,376,253,14909,6434,Pacific Time (US & Canada),Pontedeume
MrsAnonima12,MrsAnonima12,251,483,12263,14918,Athens,
scarabelo150,scarabelo150,266,732,113396,68235,Greenland,
alber_tic,alber_tic,2351,2668,58952,34136,Athens,
Estacadebares,Estacadebares,2946,2693,241012,9961,Madrid,
laovejaroja17,laovejaroja17,108,109,344,223,,"Cataluña, España"
mrcesarlopez,mrcesarlopez,1780,2041,71580,61,,
Trix69Luisma,Trix69Luisma,2013,1357,44269,42174,Pacific Time (US & Canada),
ElTonathan,ElTonathan,331,86,18925,16237,,"Córdoba, España"
jhiering,jhiering,2225,1385,20338,454,Madrid,GALICIA
Akelitapuntotac,Akelitapuntotac,319,28,2462,2268,,
LopirataD,LopirataD,339,243,11721,6411,,
ChValverde,ChValverde,433,538,51540,41669,Amsterdam,Manises | Santiago Bernabeu
TGarciaG7,TGarciaG7,182,174,4946,1486,Madrid,España
ManuelEstrems,ManuelEstrems,484,165,10502,14,,
IonOguetaAbogad,IonOguetaAbogad,761,285,454,224,,"Vitoria-Gasteiz, País Vasco"
laabu3,laabu3,229,88,2539,1482,,"Granada, España"
Im_CTO_bitch,Im_CTO_bitch,782,3350,342249,183,Athens,España
subversivos_,subversivos_,11747,205105,267790,12445,Madrid,
sussiline,sussiline,130,14,489,106,Madrid,ciutadella de menorca
christianbella3,christianbella3,220,261,6869,1691,,Bot lane
jesusyolanda,jesusyolanda,188,61,528,783,Amsterdam,
ismaeletmi,ismaeletmi,232,300,7541,3460,Pacific Time (US & Canada),la mente 
madox_c,madox_c,1782,1566,30083,10284,,TOLEDO (  CASTILLA LA MANCHA )
Zangolotina77,Zangolotina77,972,538,26787,39014,Athens,En la parra
fermasamx,fermasamx,3689,3333,8848,681,,
utopiq,utopiq,643,474,26395,21925,Hawaii,Baix Camp
EncarniTrmula,EncarniTrmula,604,980,8782,8306,Pacific Time (US & Canada),
CabreraDori,CabreraDori,1629,1751,41380,12666,,ARABA EUSKADI
electromeriadoc,electromeriadoc,142,1093,81451,32594,Madrid,Barcelona
DalasGato,DalasGato,297,281,2029,1506,Buenos Aires,Planeta Tierra
MachiDalas,MachiDalas,92,131,1462,1132,,Pambilandia
LyoTheLyon,LyoTheLyon,86,83,6735,5882,,"Girona, Catalunya"
bouhkass,bouhkass,566,113,6675,1071,,
Joaquin_loww,Joaquin_loww,446,270,2882,1346,Athens,"l'Alcora, Castellon"
Venttisca,Venttisca,707,191,3494,704,,
Lacalsot,Lacalsot,20,31,951,9,,
TrafalgarLawSPA,TrafalgarLawSPA,277,331,18170,25951,Pacific Time (US & Canada),
zariush,zariush,74,56,5799,20,,
HeavyHenrik,HeavyHenrik,228,168,9916,14123,,
ANDONEARZAK,ANDONEARZAK,17,8,597,673,,
pavloviu,pavloviu,172,137,7401,1846,Greenland,Tu hipotálamo
SoledadBlancoA2,SoledadBlancoA2,2157,1031,9207,4271,,Asturias.   Málaga
KeydayNeck,KeydayNeck,273,221,4954,2457,Madrid,"Barcelona, España"
SiriaBd,SiriaBd,315,213,2954,148,Madrid,
YPingota24,YPingota24,981,460,5081,4025,,Depresión
Manuela08591448,Manuela08591448,164,124,4636,1245,,
apocalipticax,apocalipticax,2953,5141,28975,11705,Pacific Time (US & Canada),Infierno mental//España
Quejigo48,Quejigo48,1295,456,8203,439,,
AlisterMcmartin,AlisterMcmartin,2199,308,1031,269,Athens,
chinatodecarlos,chinatodecarlos,2775,1864,214328,3566,Madrid,ZARAGOZA
gtorcat,gtorcat,2321,1141,195878,11506,Caracas,"Margarita Island, Caribbean"
GatRoig,GatRoig,503,84,4175,3000,,RPD de Catalunya
diegoboni99,diegoboni99,110,126,2608,3477,,
Charmander_ABRA,Charmander_ABRA,432,1265,100784,23776,Berlin,"ciudad, país o época errónea"
MiguelF10013687,MiguelF10013687,356,317,15768,2779,Athens,Españistan (Alemania del Sur)
carollm333,carollm333,786,1006,122640,45,Pacific Time (US & Canada),
anapeterpana,anapeterpana,968,375,19626,11118,Madrid,Los Mundos de Yupy
naranxos,naranxos,1142,863,22704,4471,,
el4antiantisis4,el4antiantisis4,217,61,3222,52,Pacific Time (US & Canada),
_ju1_,_ju1_,1851,50072,119059,109510,Athens,"Alicante, España"
excursioperon,excursioperon,2776,2606,20211,17184,Pacific Time (US & Canada),Ciudad Autónoma de Buenos Aire
CluaGregori,CluaGregori,290,49,410,1153,,
NatiNatSmoothie,NatiNatSmoothie,186,29,134,32,,"Oviedo, España"
Galega_son,Galega_son,377,575,33401,15613,Madrid,"A Coruña, España"
liverpooldavidm,liverpooldavidm,2044,1745,141177,79643,Madrid,
forxijuanba,forxijuanba,216,141,1472,369,,
cesar7142,cesar7142,700,702,11376,4,Pacific Time (US & Canada),"Madrid, Comunidad de Madrid"
LTescor,LTescor,639,148,9826,1960,Madrid,"Barcelona, Cataluña"
sevillista_1973,sevillista_1973,2208,1030,11781,1853,Madrid,sevilla
sinue_234,sinue_234,961,879,42373,567,,
asolas__,asolas__,364,42,4328,4091,Pacific Time (US & Canada),
acuareladeudas,acuareladeudas,2718,3445,137287,111387,Athens,Madrid
tonyspecialone,tonyspecialone,1054,185,7645,6860,Hawaii,
yerayneizan,yerayneizan,359,184,13226,1498,,
joantier,joantier,245,131,7862,2941,Pacific Time (US & Canada),
SrCabronn,SrCabronn,1752,885,5184,4542,,En algún lugar
MaianaB88,MaianaB88,349,239,17925,1432,Athens,Anoetako 23. atea
pauletrom,pauletrom,90,45,3369,4015,,
albertFillol,albertFillol,89,21,945,522,,
Libe_10,Libe_10,312,174,4317,1339,,
DaVinchiGH,DaVinchiGH,200,56,1255,1356,Madrid,
franc_rubio5,franc_rubio5,687,635,4861,2136,Pacific Time (US & Canada),"La Flecha, Valladolid."
PodemGodella,PodemGodella,1203,1203,6365,1818,Madrid,Godella
ManuelCerrada_,ManuelCerrada_,120,171,3642,7307,,
Algonfdez,Algonfdez,4993,2859,431241,385,,
VaroSPC,VaroSPC,1596,533,3247,2864,Madrid,Benavente (Zamora)
ixppaiporta,ixppaiporta,118,169,1935,842,Madrid,Paiporta
Rufo1903,Rufo1903,424,183,5143,21,,
TerukaP,TerukaP,256,426,63525,19900,,
DyDan22,DyDan22,145,123,3777,1440,Madrid,Barcelona
republykno,republykno,504,208,10055,105,,
frikieuforico,frikieuforico,112,57,854,823,Pacific Time (US & Canada),Village of Outcasts
tonienlared,tonienlared,1073,180,7882,7075,,
Ritasuarez95,Ritasuarez95,365,368,22094,4490,Hawaii,Galiza
linares_rafa,linares_rafa,264,122,5352,134,,
NoGodVerite,NoGodVerite,444,210,4261,976,Amsterdam,
locuspolitikus,locuspolitikus,5136,5052,259300,21923,,"Barcelona, Cataluña"
theraxmen4,theraxmen4,240,88,4651,8020,,Ahí al lao
lapitonisafuck,lapitonisafuck,280,106,4265,2701,,"Leningrado, Russia"
unarayadegofio,unarayadegofio,255,106,1128,1238,London,"San Cristóbal de la Laguna, TF"
Martinez_Facha,Martinez_Facha,104,56,2964,516,,
EspanaFN,EspanaFN,1813,3707,29821,14607,Bern,Madrid
fginel97,fginel97,307,391,12059,4,Europe/Madrid,
montsepitilla,montsepitilla,174,64,933,136,,
TomiGut,TomiGut,178,170,6334,7557,Madrid,En Monerrrrrrrrrreva
Pau_cas99,Pau_cas99,81,23,21,12,,
miguelrocker000,miguelrocker000,257,113,8317,23115,Madrid,
Kevintxupuertas,Kevintxupuertas,111,55,6862,8026,Madrid,Murcia o por ahí
sergiocollazo,sergiocollazo,78,86,3576,12199,Madrid,Asturias
r67784996,r67784996,83,19,981,1612,,
Blaaiiir,Blaaiiir,322,90,3885,986,Pacific Time (US & Canada),III
mmarcgb,mmarcgb,70,30,98,89,,
MAlonsocosme,MAlonsocosme,302,322,5467,2171,,Logroño (La Rioja)
gar_ot,gar_ot,640,72,3297,56,,
Ceivar_OPAR,Ceivar_OPAR,1018,2929,8279,1425,Athens,
estupefalso,estupefalso,1071,794,97143,8159,,
Quero_97,Quero_97,453,368,23798,10266,Amsterdam,Hyrule
DCGCOS,DCGCOS,345,924,128594,35648,,Europa del Sur
lu88149660,lu88149660,379,965,53902,40689,,
tashi_lewis,tashi_lewis,1433,699,11827,82524,Madrid,Barcelona
ArtanixXb,ArtanixXb,162,108,6151,2676,,Granada
_DME_,_DME_,411,203,3113,1737,,"Zaragoza, España"
Theonly_one96,Theonly_one96,276,226,4291,1931,Pacific Time (US & Canada),anywhere city
Morpheus11M2004,Morpheus11M2004,855,543,28732,24551,,ESPAÑA
TorrentAnna,TorrentAnna,233,122,11426,1529,,
paco229,paco229,5223,4899,197430,2463,Madrid,"Brunete, Madrid, Spain"
atomed_,atomed_,3412,2898,108949,106051,,Euskalherria
Costa16Francesc,Costa16Francesc,1028,578,4817,8402,, Catalunya
xinluses,xinluses,675,609,53517,4718,,Manresa
Vic12io,Vic12io,299,637,19425,27027,Madrid,
Ana7Gomez,Ana7Gomez,415,424,8322,895,Madrid,Hogwarts.
Javimangana,Javimangana,842,842,9927,24665,Pacific Time (US & Canada),15002
FeGarPe79,FeGarPe79,694,773,20212,62203,Madrid,"Salamanca, Castilla y León"
JuanyGar63,JuanyGar63,2803,9478,301081,42544,,Macondo
Anonymous_W0lf,Anonymous_W0lf,44182,62138,93070,13771,Madrid,España
elemunoz1765,elemunoz1765,2278,1283,47935,7654,,alicante
operadora36,operadora36,398,409,10771,8,London,"Málaga, España"
garnata59,garnata59,156,79,2304,199,,
traurigsoldat,traurigsoldat,125,136,14793,9703,Pacific Time (US & Canada),Outer Space
anjorma3,anjorma3,2365,2442,112534,19123,Hawaii,comunidad valenciana
vikichx,vikichx,356,207,4639,4766,,
rosira_rosi,rosira_rosi,5802,5290,131794,69494,,
2016mundonuevo,2016mundonuevo,253,171,9757,4841,,
ArturoDanielSam,ArturoDanielSam,234,132,1535,894,Pacific Time (US & Canada),Madrid
Celiaaaaa26,Celiaaaaa26,181,288,11978,4234,Amsterdam,Zaragoza - Bijuesca
alvaro_fernds,alvaro_fernds,160,39,173,490,Pacific Time (US & Canada),
vicentecabeza,vicentecabeza,939,876,18632,1974,,"Lucena, Córdoba"
oiercaste,oiercaste,64,79,233,345,,
TikisMikicho,TikisMikicho,185,93,10661,17343,,
Adler7Irene,Adler7Irene,262,130,704,791,Amsterdam,
ARKAITX14_4_69,ARKAITX14_4_69,2728,506,127230,11734,Greenland,MIS DOCUMENTOS
Adley_MD,Adley_MD,237,42,988,361,Ljubljana,Mi cueva
tegoda11,tegoda11,566,152,981,231,,
alaitzlarrea,alaitzlarrea,520,248,1395,77,Pacific Time (US & Canada),"Bilbo,euskalherria"
quepijotadao,quepijotadao,404,2165,2798,5302,Madrid,
SoniaEspinar1,SoniaEspinar1,143,165,16996,15940,Athens,
OfficialSaavedr,OfficialSaavedr,183,274,4903,15003,,"Islas Baleares, España"
jmpugae,jmpugae,28,1084,53085,110915,Greenland,España
Chalaoninonino,Chalaoninonino,302,5282,96595,185340,Madrid,"Donde me manden, a toda leche"
alissdowell,alissdowell,198,334,5035,2646,Ljubljana,
OmarMM99,OmarMM99,235,178,6763,1522,Amsterdam,Carnivores Tour 24/8/14 
sandrii_expo8,sandrii_expo8,274,226,10162,4488,Ljubljana,Alovera
elsabiomordis,elsabiomordis,167,117,2277,1193,,"Tenerife, Canarias "
GRENPoC,GRENPoC,92,38,98,64,Madrid,"Barcelona, Catalunya"
Mikel26006910,Mikel26006910,513,245,7973,784,Madrid,Euskal Herria
char95,char95,162,111,1245,3422,Madrid,"Munich, Bavaria"
miguelrolldan,miguelrolldan,136,56,814,501,,"Granada, España"
andreearb1,andreearb1,250,211,6223,1697,Pacific Time (US & Canada),Madrid
nramonperez,nramonperez,220,72,1726,50,,"Barberà del Vallès, España"
kandofn,kandofn,433,100,7911,4639,Madrid,Cerdanyola del Vallès
BermeFer,BermeFer,770,656,59242,17162,,Planeta tierra 40°26′ N 3°41′ 
MuSoL79,MuSoL79,933,538,22181,1223,Madrid,hemeroskopeion
aperez1917,aperez1917,153,53,94,596,Pacific Time (US & Canada),"Parla, Madrid"
Ahuio98,Ahuio98,238,221,11939,436,,
KirushenMeow,KirushenMeow,239,99,4727,3775,,por desgracia Murcia 
vanecorlao,vanecorlao,4698,4710,40279,7826,,"Meliana, Comunidad Valenciana"
OSORIO129,OSORIO129,219,157,18445,12415,Athens,"Madrid, Comunidad de Madrid"
adrianpr77,adrianpr77,269,127,2400,237,Madrid,Cuba. Varadero
SnagletoothWars,SnagletoothWars,413,629,67913,36740,Madrid,patreon.com/MemeTooth
PedroPMG97,PedroPMG97,1187,437,11834,3801,,Entre sus piernas
XosS2,XosS2,261,145,4257,2342,,
Yo_contigo2,Yo_contigo2,29,13,1989,536,Pacific Time (US & Canada),
carmentopia36,carmentopia36,1591,1198,25751,2588,,Asturies
fuenteellobo,fuenteellobo,104,12,99,44,,
Sergiohere1,Sergiohere1,855,805,4966,16507,Amsterdam,Algeciras - Bergen
NereaStark,NereaStark,555,617,14237,10736,Madrid,En el país de la purpurina. 
Manuel02009472,Manuel02009472,762,554,15548,13064,,
eljueves,eljueves,397,712616,49836,16547,Madrid,España
xarlykoxax,xarlykoxax,575,545,11487,1865,Madrid,"Herrera de Pisuerga, España"
Alvaro_dust,Alvaro_dust,375,533,8261,4271,Pacific Time (US & Canada),Madrid
Brezzzzzzzz,Brezzzzzzzz,122,246,20415,30617,Amsterdam,Spain
AlexsalasUre,AlexsalasUre,500,122,3443,3564,Pacific Time (US & Canada),El Jau  y Almagro 
TacoremiAfns,TacoremiAfns,366,625,14404,2982,,
monicvti,monicvti,151,241,5210,3703,Hawaii,
MariTrini111,MariTrini111,1092,179,8518,7637,,
AlasArmando,AlasArmando,1241,796,13386,65464,,
motxet,motxet,150,219,15071,5422,Amsterdam,Picanya ~ Països Catalans
Cartofnsky,Cartofnsky,73,74,6428,921,Madrid,Ibiza-Budapest-Ibiza
AbrahamS___,AbrahamS___,330,163,2660,2072,Pacific Time (US & Canada),
eltuitdrink,eltuitdrink,471,296,12727,2253,Athens,De aquí para allí
almarpa69,almarpa69,235,67,1177,3194,,País Valencià 
pielsolma,pielsolma,1010,1498,119060,21728,Athens,"Cantabria, España"
_IreneHerrero,_IreneHerrero,1008,718,13603,20560,Athens,Antifeixista.✊
xoxoson,xoxoson,399,1109,54044,22549,Madrid,Barcelona
fckpatriarchy,fckpatriarchy,242,200,7039,3795,,"tus muertos, pisoteaos."
SandrixPls,SandrixPls,244,558,81077,25227,Madrid,10880 Malibu Point 90265
Prisionela,Prisionela,232,108,6331,1760,Madrid,España
H_Pardo,H_Pardo,203,125,3315,44,Madrid,
JM_Depp,JM_Depp,1210,1692,43611,7420,Madrid,"Andalucía, España"
ThePumpkinGrin,ThePumpkinGrin,1090,1091,13002,42970,Athens,Sevilla / Umadhun
kimivonix,kimivonix,1118,169,7270,6464,,
josepsrr27,josepsrr27,378,85,2183,3410,,"Elche, Comunidad Valenciana"
llamameazahara,llamameazahara,1749,2391,36235,21038,Athens,central perk
elenitafj18,elenitafj18,358,497,5329,996,,"Navalmoral de la Mata, España"
ablgg_,ablgg_,1155,1575,25293,5622,Athens,"Igualada, PPCC"
ManuelLodeiro,ManuelLodeiro,267,84,7710,4144,Madrid,
96_Yeyo,96_Yeyo,694,862,24295,24734,,Planeta Tierra
jcrami007,jcrami007,643,733,30884,11250,Madrid,"malaga
"
playit_mesto,playit_mesto,34,40,6405,12740,,
Mylla60,Mylla60,3571,3318,75458,64193,Madrid,España
geniuslawyer,geniuslawyer,2151,4199,209187,31682,Caracas,venezuela
goncancela,goncancela,689,474,50291,15,Madrid,"Galicia, España"
yahcono33,yahcono33,797,1491,143328,2323,Pacific Time (US & Canada),
jrsprint94,jrsprint94,866,281,41211,16326,Greenland,somewhere driving (302/308) 
7Josean7,7Josean7,28338,28799,174050,136358,,"Bilbao, España"
carmigencar,carmigencar,707,883,55703,902,Madrid,"Valladolid, Castilla y León"
Sra_Gaskarth,Sra_Gaskarth,121,164,4176,3340,Madrid,Rivas-Vaciamadrid 
Andrespellin,Andrespellin,338,476,4810,5730,Madrid,Almeria - Madrid
romanpenagos,romanpenagos,363,89,614,428,,
takemetonirvna,takemetonirvna,223,88,4365,3710,Madrid,"Huelva, Andalucía, España"
rober_eldeluisi,rober_eldeluisi,382,346,14514,186,Madrid,
carloshernaru,carloshernaru,665,95,931,911,Pacific Time (US & Canada),"Almoradí, BS,País Valencià."
AITask,AITask,538,333,17237,3082,Amsterdam,Barcelona (Spain)
salvadorsanvil1,salvadorsanvil1,35381,35450,90695,39636,,***SALAMANCA***
JoKeRrTroll,JoKeRrTroll,311,563,24574,29634,,"Valencia,España"
iMaxekZ,iMaxekZ,177,183,14738,8999,Athens,Marvin's Room/Cole World
AniaPerez4,AniaPerez4,732,571,7387,5149,,EUSKADI
ramiusdbus,ramiusdbus,188,88,679,35,Madrid,Hendaia
jorge21495,jorge21495,299,331,8062,624,Paris,Madrid
luiiigiiisss,luiiigiiisss,424,377,5488,6216,,tu puta madre
MarcosVerde23,MarcosVerde23,77,10,342,78,,
hombreola,hombreola,80,26,80,90,Pacific Time (US & Canada),"Madrid, España"
Indiferentzia,Indiferentzia,117,73,7975,3902,Amsterdam,Cuando tú vas yo vengo de allí
DavidBecerraNei,DavidBecerraNei,271,162,3127,255,Madrid,"Baldaio, A Coruña"
ivansanguinogar,ivansanguinogar,849,679,7208,10791,Pacific Time (US & Canada),en un lugar de la mancha
eugcla_gr,eugcla_gr,103,44,4113,1154,,Al Sur
teresalopez1997,teresalopez1997,629,1074,62091,19662,Athens,Guardiana de Nervión
MarBcn04,MarBcn04,1147,835,22235,23554,,
GermanRecio,GermanRecio,1185,234,4606,4077,Madrid,Gijón//33210
lamalpagada2,lamalpagada2,1390,1090,15304,2049,,"A Coruña, Galicia"
dbaraza_,dbaraza_,283,182,10194,9302,Ljubljana,"Cataluña, España"
df_davidATM,df_davidATM,875,699,32971,575,Amsterdam,"Madrid, Comunidad de Madrid"
Daniel__Prieto,Daniel__Prieto,437,179,853,433,,Ganímedes (Liáns)
JosoLindoso,JosoLindoso,268,1340,239967,206990,Madrid,"Valencia, España"
Juglarito,Juglarito,410,279,13687,6376,Hawaii,"Sevilla , España"
DanielTorresPra,DanielTorresPra,118,98,2687,294,,
marcjustme,marcjustme,981,241,2846,375,Amsterdam,
markolsa100,markolsa100,767,600,2042,28406,,Madrid
Ssergi30,Ssergi30,2241,2901,115326,40400,London,Gran Canaria
tato1991ur,tato1991ur,3093,2236,42790,12291,Amsterdam,Suiza 
Ruben288397261,Ruben288397261,4986,1750,30011,48885,,"Alginet, Valencia España "
mayerri,mayerri,1387,596,24824,6137,Madrid,"Andalucía, España"
carbaescarba,carbaescarba,119,122,1303,997,,Do mundo son.
albamda,albamda,572,912,51487,13404,Amsterdam,tenerife
pipodegirasol,pipodegirasol,738,840,78757,3418,Singapore,
nachodms99,nachodms99,692,200,6681,1801,Pacific Time (US & Canada),"Segovia, España"
david_zaplana,david_zaplana,1265,2278,103222,77362,Pacific Time (US & Canada),"Galiza, URSI"
torracollons696,torracollons696,2171,1888,54599,7869,Pacific Time (US & Canada),BAIX LLOBREGAT
Albert8130,Albert8130,248,59,3812,1204,Madrid,Sevilla
marigoru00,marigoru00,300,243,2621,1296,,"Córdoba, España"
Bastetlove3,Bastetlove3,5938,9411,146857,109120,,Córdoba
psycho_kiddd,psycho_kiddd,477,249,7433,2071,Casablanca,"Islas Canarias, España"
DioniCuenca,DioniCuenca,94,177,1057,1327,Pacific Time (US & Canada),"Madrid, Cadiz"
elrube__,elrube__,215,146,18654,4503,Amsterdam,sev
ccamacho1966,ccamacho1966,3256,2885,43116,9051,Madrid,Onubense zurdo 
armta24,armta24,682,690,18561,21654,Pacific Time (US & Canada),Móstoles
docanbravo,docanbravo,1937,909,20737,1659,Greenland,spain
Robcampnou67,Robcampnou67,2888,3572,214183,21103,Athens,valladolid
sevillanaroja,sevillanaroja,1118,1233,7525,3672,,En algun lugar de la vida.. 🌷
nuriabenet77,nuriabenet77,3490,5334,295295,185983,Madrid,
ldealista,ldealista,255,1497,26671,63204,Madrid,
VIX__CAT,VIX__CAT,708,713,12515,24272,,"en la calle de la risa, jeje"
ertorc,ertorc,17,6,61,11,,
JuliaBayo1,JuliaBayo1,1369,706,8483,6190,,
NiNvt2,NiNvt2,456,608,45538,5907,Pacific Time (US & Canada),"Alcalá de guadaira, Sevilla"
josemanuelgv55,josemanuelgv55,596,167,1464,229,,
silvialpp_,silvialpp_,454,848,18971,11700,Casablanca,
Antonio_moreno7,Antonio_moreno7,321,457,5314,96,,Andalucia
Luquenyo,Luquenyo,260,333,53183,3219,Greenland,Barcelona
GemaCarrera,GemaCarrera,1096,541,7381,143,,San Fernando
daviniaweasley,daviniaweasley,999,2033,99954,72509,Madrid,Tenerife
grierxxx,grierxxx,1074,1088,35919,22251,Casablanca,tnf
jesusgc1972,jesusgc1972,1023,1063,34056,13963,Hawaii,Barcelona (España)
Afeerico,Afeerico,226,154,14083,1017,Madrid,
JaniJoplin,JaniJoplin,3059,4165,108405,172037,Madrid,
matarile1905,matarile1905,986,810,19467,2565,Amsterdam,Ciudadano del mundo
beranturiano,beranturiano,1308,485,15605,13069,,
DanEscario,DanEscario,503,194,3083,886,Madrid,"Rubí, Catalunya"
ali__bee__,ali__bee__,195,51,444,534,,
Kaiet1Kaiet,Kaiet1Kaiet,284,42,571,1,,
carreto_adrian,carreto_adrian,494,282,4371,1606,,Alameda de osuna 
ioanaecaterina1,ioanaecaterina1,266,132,2947,2852,,
JeremyLorente98,JeremyLorente98,99,94,2659,1931,Pacific Time (US & Canada),"Teruel, España"
jotae1e,jotae1e,141,58,3585,166,Madrid,Barcelona
chuchoquehabla,chuchoquehabla,5002,3746,127319,140350,Belgrade,Españistán Norte
alonso_paulino,alonso_paulino,951,662,10518,7138,Amsterdam,Unas veces aqui y otras alli
ndocorasones,ndocorasones,254,222,7365,1138,,Galiza
Anatolia85,Anatolia85,132,74,6045,3402,,
marquitos_1995,marquitos_1995,251,403,19054,1059,Madrid,"España, Madrid "
Udaiso,Udaiso,888,368,37282,5513,Madrid,"Sestao, Bizkaia, Euskal Herria"
ConcepcioFerrer,ConcepcioFerrer,192,631,62420,82,Rome,Alaquàs
Tabanque,Tabanque,355,272,13595,1346,,
el_tornesino,el_tornesino,166,151,505,540,Amsterdam,
andoni_o,andoni_o,1779,1116,73370,33378,,Eskual rock n rollin
postata616,postata616,25,17,1218,299,,
dubmetrap,dubmetrap,329,576,25012,42997,Paris,rad{trans}fem 
PabloGILM10,PabloGILM10,554,428,4352,529,Pacific Time (US & Canada),La Rosaleda
Guti_SKYNET,Guti_SKYNET,147,148,6481,785,,
luzdelacalle,luzdelacalle,507,260,12145,580,,
CeroSacrificios,CeroSacrificios,5139,4689,297746,39156,Athens, #ComunidadParaísoFrugal
Agiraru,Agiraru,353,736,31203,16533,Madrid,Ceuta
_anelis,_anelis,947,492,7818,1174,Madrid,
GonzaloAnton99,GonzaloAnton99,294,391,15526,2381,Athens,
Quadrifolium,Quadrifolium,527,425,15143,4,Ljubljana,España
AnderBdT,AnderBdT,142,171,10566,4748,Madrid,Froh ist unser Sinn
Gua47,Gua47,1249,1333,72922,3881,,
DMunozAlgaba29,DMunozAlgaba29,381,155,3752,1018,,Córdoba
DOLORESVALOSCAS,DOLORESVALOSCAS,966,865,37125,4370,,
Streetlife1312,Streetlife1312,161,63,668,918,,
SoliObrera,SoliObrera,2052,6230,23618,2339,Pacific Time (US & Canada),España
rixi_hawtin,rixi_hawtin,274,218,4160,9321,,"en su diario, rodeado por un ❤"
pintax99,pintax99,2547,1892,68407,20439,Madrid,"Madrid, Spain"
ricardou_,ricardou_,342,524,34067,4049,Pacific Time (US & Canada),"Eindhoven, Nederland"
Elong_LF,Elong_LF,318,87,997,2124,Athens,
Joserra_93,Joserra_93,433,144,2273,1069,,
esgadi,esgadi,18,140,29751,321,Amsterdam,Barcelona
MMN81,MMN81,239,508,36383,3627,Madrid,Wisconsin (BcN)
LauraFD_17,LauraFD_17,469,209,7092,5303,,Xixón-Asturies
PauCapo11,PauCapo11,189,418,14310,23946,,
TreMell84,TreMell84,440,104,5367,6037,,Tenerife
JuanCar0308,JuanCar0308,639,301,8147,9894,Madrid,"Montijo, Badajoz"
ManuMoranteSola,ManuMoranteSola,227,54,233,3,,
leymordaza1,leymordaza1,4766,3034,95801,934,London,
natalita_cadiz,natalita_cadiz,1244,568,16015,17885,Madrid,CAIII
Farosyvientos,Farosyvientos,478,178,585,172,Madrid,
IndioArapajode,IndioArapajode,473,385,78417,11483,Madrid,Madrid
IvalleValle,IvalleValle,556,704,49254,18506,,España 
LeeAtenea,LeeAtenea,1094,1160,36517,17692,,
ParadoxicalCat,ParadoxicalCat,210,255,6031,11479,Madrid,Italia/España
bejerzbow,bejerzbow,134,95,3045,2734,Pacific Time (US & Canada),youtube.com/bejetal
crysys,crysys,204,55,1057,109,Madrid,Omicron Persei 8
mjferreiro,mjferreiro,1415,6348,134893,1628,Bogota,
smrf50,smrf50,1003,700,86837,181,,
anarchykatya,anarchykatya,193,41,497,624,,
aimartnez,aimartnez,385,307,55504,14735,,
Andreabw97,Andreabw97,802,658,69425,18082,Madrid,
DeUrbin,DeUrbin,767,229,27128,2206,,"Barcelona, Espanya"
saezernesto94,saezernesto94,175,125,3969,141,Amsterdam,
CoolRiddance,CoolRiddance,315,796,73193,23624,Athens,"Málaga, España"
steadyshot00,steadyshot00,719,141,2895,6566,,"argentina, buenos aires"
ShaunElay,ShaunElay,971,1946,119375,45742,Athens,Hunger City (Blavència)
carmen_va1,carmen_va1,919,1386,23311,74046,,Cartagena
EndersamYo,EndersamYo,194,359,59142,17919,,
AlvaroM21,AlvaroM21,577,724,26966,10936,,Guadalajara.
Akitoy_Zen_Tao,Akitoy_Zen_Tao,511,187,9350,455,Pacific Time (US & Canada),
FranPardo_,FranPardo_,4693,10873,108013,60762,Madrid,País Valencià
laurisbarrenen,laurisbarrenen,95,174,6315,1603,Hawaii,Mungia
ComMarquina,ComMarquina,525,247,6036,7590,Amsterdam,
PlanetaEskoria_,PlanetaEskoria_,2250,31985,19370,10127,Amsterdam,Madrid
miguelaugusto70,miguelaugusto70,395,333,4532,738,,santa coloma de gramenet
emiliopachecod1,emiliopachecod1,39,38,831,106,,
koalaprogre,koalaprogre,745,971,91012,6555,Madrid,Cantabria-Madrid
periodismodebat,periodismodebat,280,279,979,108,Madrid,l'Caleta
ButzemannElCoco,ButzemannElCoco,597,810,36565,15313,Belgrade,Hispania Ulterior
EnfermeraTati,EnfermeraTati,516,83,4137,13,London,
antoniodejuanes,antoniodejuanes,274,200,5388,1844,Pacific Time (US & Canada),Alicante
Quiron_Centaur,Quiron_Centaur,190,143,4774,2690,,entre ojas
ZaidaM96,ZaidaM96,601,1940,41270,75536,Madrid,Cantabria
JuananMst,JuananMst,350,154,4499,2607,Pacific Time (US & Canada),
misharepre1,misharepre1,185,95,2922,2715,,
santi9988_lol,santi9988_lol,390,119,2752,1455,Belgrade,
Ladycocreta,Ladycocreta,53,20,276,315,,In de midel of de nait
scorrochano7,scorrochano7,350,109,10483,540,,
MrChrisleman,MrChrisleman,179,275,26264,8234,London,"Marbella, España"
xPiti4,xPiti4,143,84,3595,2363,Belgrade,
esaesthere,esaesthere,110,74,404,697,,
DaniPerucho,DaniPerucho,265,760,37793,18689,Madrid,"Ruca, France"
jonalenci,jonalenci,1138,594,7459,569,West Central Africa,Badalona
skciencia,skciencia,132,671,5353,4472,Pacific Time (US & Canada),Universidad Autónoma de Madrid
robotronk1,robotronk1,947,2363,18026,21560,Pacific Time (US & Canada),LibreSpain 
galimata,galimata,96,112,24873,20,Amsterdam,
markiasjg,markiasjg,220,66,723,213,,"Cartagena, Región de Murcia"
CobaCatorce,CobaCatorce,146,155,5812,575,Athens,
raulmbledore,raulmbledore,117,238,19160,3907,Athens,Briarcliff Asylum
Croquetilla3000,Croquetilla3000,526,570,32967,92082,Pacific Time (US & Canada),"Valencia, España"
marquinhosrau,marquinhosrau,342,177,3129,1671,,"Caesaraugusta, Tarraconensis"
JNdCampo,JNdCampo,97,55,1220,29,Amsterdam,
AlgaVelez,AlgaVelez,198,93,11921,256,,
ManuelFernand46,ManuelFernand46,1085,741,22246,708,,Península Ibérica
JosepVelis1,JosepVelis1,56,8,429,6,,
AlfreLopezzz,AlfreLopezzz,33,6,33,31,,
Erre_Ekis,Erre_Ekis,1601,321,10953,5099,Madrid,Tarragona
VazquezPaco98,VazquezPaco98,190,271,24060,2499,,"Sevilla, España"
Pol4hp,Pol4hp,144,411,25602,33522,Madrid, Lost in Durotar 
angryfxminist,angryfxminist,803,786,12619,15892,Athens,Cubazuela del Norte
andrea14_98,andrea14_98,577,650,10874,4078,Amsterdam,
1denmadrid,1denmadrid,243,1167,301792,134,Madrid,"Madrid, Colombia"
SpagghettosMC,SpagghettosMC,949,751,73826,242768,Madrid,XDD
juanpriba,juanpriba,671,675,54650,10976,,
el_cuchillas,el_cuchillas,243,596,33232,20590,,Andalucia(Masyaf/Alamut)
robyga8,robyga8,1038,490,10520,90,Madrid,
bananamugardos,bananamugardos,336,95,1721,2157,,
MoonShadow92,MoonShadow92,495,476,41221,48158,Madrid,Islas Destino ~
tonovila17,tonovila17,541,335,6034,2391,Hawaii,Chao de Vilar 
rfato,rfato,484,190,3200,578,Greenland,huelva
clia_g,clia_g,1395,2025,273631,128736,Ljubljana,
pepinero8,pepinero8,88,19,653,17,,
irunearteta94,irunearteta94,221,1506,109632,21644,Madrid,Euskal Herria
GATOSLALLAGOSTA,GATOSLALLAGOSTA,1173,464,8617,8449,,"La Llagosta, España"
dpiloncita,dpiloncita,16952,20355,596631,15444,Caracas,Caracas
atletico47,atletico47,853,1273,97126,10025,Amsterdam,Moratalaz—Madrid-España
raidtxu,raidtxu,831,424,6337,9275,Madrid,Catalunya
borjarmiranda,borjarmiranda,175,39,552,365,Madrid,Val Miñor
JavierPolar1,JavierPolar1,79,189,56773,40826,Madrid,
elBurroTonto,elBurroTonto,169,179,4212,2613,,"Wales, United Kingdom"
_Gatete_,_Gatete_,258,195,17196,5254,Athens,Ravnica.
MiBaires,MiBaires,1634,2209,143609,109699,Belgrade,"Carabanchel, Madrid, España"
dannavillegas14,dannavillegas14,434,641,31614,19258,Athens,
jingo25814164,jingo25814164,151,261,38100,293,Athens,españa
jvila31,jvila31,589,315,19155,4970,Madrid,"Figueres, Catalunya"
Famelica_legion,Famelica_legion,29780,49585,154356,1806,Athens,
xabizabalza,xabizabalza,123,56,308,160,,"Bilbo-Iruña, NAFARROA"
Azaratan3,Azaratan3,69,44,1635,776,,
ClaraCastilla,ClaraCastilla,387,216,798,27,,
DaniBuilding,DaniBuilding,73,133,4773,1187,,
manuelrico,manuelrico,631,34339,14620,79,Madrid,Madrid
ArrababaAux,ArrababaAux,237,100,7130,5187,Madrid,barsalona siti
maidensmith,maidensmith,1022,191,1015,6587,Madrid,Spain
hgranadob,hgranadob,289,180,5823,15353,,
margahg63,margahg63,4974,2897,21225,4561,,
erzelui7,erzelui7,235,293,14113,12371,London,@realmurciacfsad
lanitas2000,lanitas2000,699,1094,52687,9546,Madrid,
Laura_Chiriwini,Laura_Chiriwini,229,244,5986,957,Amsterdam,Puente de Génave | Granada
haderach6q,haderach6q,57,22,1337,28,Madrid,Sant Cugat del Valles
angelbvgp,angelbvgp,487,283,7692,6719,,
alasycia,alasycia,780,472,6886,1413,Madrid,"Granada, Spain"
Diegols_98,Diegols_98,279,50,1591,1607,Madrid,"Nacido en Algeciras, España."
EuriaTubal,EuriaTubal,312,193,11219,11390,,
Ferdohh,Ferdohh,253,126,8319,5009,Madrid,Absurdia
Euskalherriaske,Euskalherriaske,5379,4972,74495,7717,Athens,Bizkaia - Euskal Herria
JuandeMorales,JuandeMorales,173,170,12048,2610,Madrid,Fuenlabrada - España
gagamacias,gagamacias,2609,1778,48483,3442,,
rgarci13gm,rgarci13gm,304,58,6563,2355,Madrid,Barcelona
Matapollos17,Matapollos17,2347,2432,35585,34492,Pacific Time (US & Canada),
Zumo89,Zumo89,229,63,4327,3446,,
NaxoMorillas,NaxoMorillas,383,293,1745,986,Pacific Time (US & Canada),
joanpl99,joanpl99,359,251,13857,27183,,"Vilanova del Vallès, Catalunya"
RulosPOWAH,RulosPOWAH,955,336,3046,2454,Ljubljana,Nowhere
cpique29,cpique29,292,201,5666,5242,,
ozcaitor,ozcaitor,107,88,1350,47,Pacific Time (US & Canada),"Albacete, España"
PekeIvango,PekeIvango,136,683,1451,1352,Madrid,España.
SergioScarecrow,SergioScarecrow,402,447,47457,13392,Madrid,"En una cabaña, junto al fuego."
penelope_50,penelope_50,1238,963,60289,55,,
gvan_helsing,gvan_helsing,380,286,5403,768,Madrid,El gallinero de la ETSIB
Sergio_sbc,Sergio_sbc,569,224,23217,1982,Madrid,España
Samaracanda1977,Samaracanda1977,2065,1355,21450,29775,,La millor terreta del món 
eugenio76543,eugenio76543,4090,2837,213938,67,,
malerbba,malerbba,146,16,275,97,,Pyrenees
Enrike_36,Enrike_36,663,96,654,4245,,"Islas Canarias, España"
GabrielNietoMed,GabrielNietoMed,431,525,26761,9620,Madrid,Shangri-La.
pablo_lafarga,pablo_lafarga,473,404,2134,202,Amsterdam,#E.D.M. 
jaume_mairata,jaume_mairata,429,169,10741,1077,,
marta_babu,marta_babu,198,116,9573,2301,,Barcelona
Inarejos,Inarejos,227,124,6275,3899,,"Palma, Islas Baleares"
aaronhrh_99,aaronhrh_99,260,72,785,726,Pacific Time (US & Canada),
diegosv99,diegosv99,1734,2755,26309,85032,Madrid,"Barcelona, España"
SlimSLG,SlimSLG,74,95,12571,960,,"Detrás de ti. Es bromis, Fiore"
IavnWee,IavnWee,316,346,25821,378,Amsterdam,Tatooine 
_Alex94_,_Alex94_,1512,750,19271,5784,Amsterdam,
ranspenstinski,ranspenstinski,3207,1956,18609,28797,Pacific Time (US & Canada),3ª Galaxia a la Izquierda.
Chibs_Sire,Chibs_Sire,256,191,11988,1880,Madrid,Xove (Galiza)
iucangasnarcea,iucangasnarcea,1008,674,25479,12156,,
egara34,egara34,170,71,965,582,Athens,"Terrassa, España"
mr_rodian,mr_rodian,776,148,6584,11252,Pacific Time (US & Canada),
deep_patata,deep_patata,175,96,6030,3922,,Narnia
klopetx,klopetx,653,262,5671,1866,Athens,
to18miriam,to18miriam,18,12,188,603,,
lopez_orgaya,lopez_orgaya,45,11,4372,3653,,
Gsus2393,Gsus2393,400,284,13180,3119,Amsterdam,"Alicante, España"
oriol2929,oriol2929,888,741,24959,4077,Madrid,
MRJ_1413_,MRJ_1413_,76,65,1877,824,,
inesexposito191,inesexposito191,6383,6557,71870,19438,,España
margax39,margax39,785,115,4139,1490,,galicia-pontevedra-gondomar
El_Mileto,El_Mileto,1071,558,11567,2545,Madrid,Madrid Majadahonda
NicolaiObru,NicolaiObru,200,361,16186,20224,Madrid,"Madrid, España"
raul_decast,raul_decast,197,114,7529,218,London,
carpeamorem,carpeamorem,4054,2225,75072,5583,,jardin de las delicias 
JMFierroM,JMFierroM,148,25,495,1487,Athens,España
MGFolch,MGFolch,2064,1410,25550,11525,Madrid,en el campo
HF_felix,HF_felix,70,15,293,655,,
phiroalberto,phiroalberto,439,241,7065,8807,Pacific Time (US & Canada),22 abril 17:02 
Espillaque,Espillaque,633,1035,51450,17801,Athens, Sevilla
tecn_preocupado,tecn_preocupado,1063,3816,43658,14551,Europe/Madrid,#yonovoto en las próximas 
Atorrijos10,Atorrijos10,435,229,5433,3967,Hawaii,Fuenlabrada
R3dWarri0r,R3dWarri0r,1441,3131,49189,6232,Greenland,"Andalucía, España"
Adriandelmar47,Adriandelmar47,3482,3118,56601,41194,Minsk,TheWorkingClassMustBeUnited
moonrepair,moonrepair,272,73,5251,1990,,
JaimeSantoro,JaimeSantoro,479,256,4737,864,Greenland,
arwenstormborn,arwenstormborn,190,422,24532,18021,Zagreb,"Vigo, Galiza"
Abel23Gz,Abel23Gz,65,76,5775,2153,Athens,A Coruña
ILoveBilliesTat,ILoveBilliesTat,478,531,18185,2161,Greenland,
_WunWun_,_WunWun_,440,375,12811,19370,Pacific Time (US & Canada),Zootrópolis
emauricio21,emauricio21,273,234,19118,2141,,
javikaxte,javikaxte,700,543,19188,32529,,
millanfernandez,millanfernandez,4623,4625,87667,25724,Madrid,Compostela-Castro Verde-Galiza
loscos7,loscos7,473,439,22724,408,Greenland,Gaia
IOchandiano,IOchandiano,751,798,53611,19300,Pacific Time (US & Canada),"Madrid, Comunidad de Madrid"
angigalvez1,angigalvez1,424,558,29898,3927,Greenland,"La Cala del Moral, Málaga"
OpazoAdrian,OpazoAdrian,180,265,33642,15082,Madrid,"Abadiño, España"
calle_rio,calle_rio,131,24,179,34,,
Carlbrox,Carlbrox,1152,234,7119,6755,Pacific Time (US & Canada),"Vilafranca del Penedès, España"
CultBetanceira,CultBetanceira,2005,445,4489,1317,Amsterdam,
MonicaGomezS1,MonicaGomezS1,102,6,4,6,,"Salamanca, España"
TuboXRekalde,TuboXRekalde,215,523,27778,9272,,NAFARROA
AlexxJackass,AlexxJackass,1636,781,94867,37180,Madrid,Murcia.
DaniRuedasLopez,DaniRuedasLopez,245,293,21254,1966,Amsterdam,Getafe
pilat397,pilat397,143,88,2809,6516,,Martorell
ViktorMedina,ViktorMedina,1121,1642,10175,2506,Greenland,"Torrent, PV"
JunkyDJD,JunkyDJD,308,382,46233,3761,Pacific Time (US & Canada),L'Hospitalet de Llobregat
me_cagoendios,me_cagoendios,29,31,799,187,Pacific Time (US & Canada),
almunyecar,almunyecar,179,159,9210,7281,,
BlackbirdMarina,BlackbirdMarina,95,215,30430,19952,Pacific Time (US & Canada),"Campamento Mestizo, NY"
angel_munarriz,angel_munarriz,755,3345,13315,381,Greenland,"Sevilla, España"
alejandroVS17,alejandroVS17,253,114,721,8381,,
danny_redrum,danny_redrum,1415,1214,57907,24990,Madrid,Entre el post-punk y Mocedades
exush99,exush99,55,86,1344,863,Pacific Time (US & Canada),
JrealJavireal,JrealJavireal,3963,3299,55066,15889,,"Barcelona, España"
ari_alive,ari_alive,416,415,17056,9141,Madrid,"Cartagena, de momento."
narboneando,narboneando,2053,1634,61192,17893,,
Danips,Danips,1412,6510,49824,22704,Madrid,
solonando2,solonando2,2339,2377,34554,11010,Madrid,
V4l3y4rd,V4l3y4rd,1541,1374,32420,4472,Madrid,Barcelona
franvilost,franvilost,98,122,8783,5146,,"Sevilla, España"
xmxrenx,xmxrenx,264,428,7201,7742,Athens,East Coast.
MrFuckstep,MrFuckstep,210,759,35178,15955,Amsterdam,En tu espalda
Manu_A45,Manu_A45,520,331,8705,4238,Amsterdam,"Córdoba, Andalucía"
Bsaezv11,Bsaezv11,259,149,3756,1344,Madrid,Montijo/Badajoz/España
BluesStrings,BluesStrings,154,97,1855,2127,Hawaii,"Sex, Death, & Money"
SrScaletta,SrScaletta,52,7,194,214,,
Ainho_ao,Ainho_ao,626,243,11267,7410,,
curroairbus,curroairbus,240,158,19926,20120,,
DrKarolmo,DrKarolmo,181,335,8942,22680,Madrid,"Comunidad de Madrid, España"
From_Donde,From_Donde,1749,1727,5601,5059,Pacific Time (US & Canada),Galicia
jdegra,jdegra,1309,1358,70865,656,Madrid,Figueres
nereaglezz,nereaglezz,396,280,6001,8038,Madrid,"El hoyo, aka Antequera"
lancelot3591,lancelot3591,3832,3449,108176,69451,,Palentino en Burgos City
ignaciomoreno11,ignaciomoreno11,159,468,7436,911,London,"Toledo,Cartagena"
Alfre_vv,Alfre_vv,135,195,17984,24526,Madrid,Calypo
patxitx,patxitx,2365,1768,98295,63433,,Zarautz
TeresaMontao,TeresaMontao,95,1057,199441,47869,,
albertrotskigm2,albertrotskigm2,1419,2733,51041,48384,,Soria(Estado español)
neskarde,neskarde,562,332,21942,7898,London,Las Palmas de Gran Canaria
chiquihammer,chiquihammer,272,324,97584,97127,,
Albicuspi,Albicuspi,524,573,5382,1702,,por los caminos de las utopías
stinson_R23,stinson_R23,301,102,994,639,Amsterdam,madrid
clujmao,clujmao,2246,1863,46642,5576,Madrid,Dehesas Viejas (Venezuela)
doblejota80,doblejota80,246,86,5632,1,Athens,Extremadura
Ygritte_Snow,Ygritte_Snow,226,2880,157632,4298,Madrid,Pueblo Libre (País Valencià)
mellamasX,mellamasX,80,10,721,68,,
baima_t,baima_t,158,62,3387,326,Pacific Time (US & Canada),"Aldaia, Comunidad Valenciana"
moto4dio,moto4dio,476,247,5782,510,Madrid,En un plano tangencial
NachoOM97,NachoOM97,267,242,11423,3607,Athens,Madrid
EduuLeon,EduuLeon,442,333,6672,899,Madrid,Velez-Malaga
freakimartin,freakimartin,243,432,7999,1892,Pacific Time (US & Canada),
MercheMedina666,MercheMedina666,74,63,1708,68,,Barcelona
Sofia_EQUO,Sofia_EQUO,84,171,8282,373,,
JoLuHerTo,JoLuHerTo,1294,318,2538,4017,Mid-Atlantic,Las Palmas de Gran Canaria 
pedrojaviermar2,pedrojaviermar2,4106,4278,76026,15295,,El mundo
perplejoestupor,perplejoestupor,381,173,2241,2282,,En medio mas o menos
aitorwrapp,aitorwrapp,365,181,3396,1596,Madrid,Null 
AlexCCF93,AlexCCF93,397,437,24247,1706,Madrid,"Córdoba, España"
arbusi_,arbusi_,608,863,71648,22097,Athens,Madrid.
_PauGalarza,_PauGalarza,446,1218,35036,94050,Madrid,
LeyrePadilla,LeyrePadilla,275,353,10517,6956,,Entre tus muelas. 
coiamb,coiamb,45,135,25064,2305,,
kibalexito,kibalexito,77,102,7725,6153,,
windofchange___,windofchange___,103,69,409,1146,,
Jmhercas,Jmhercas,82,163,53419,48,,
guevarache31,guevarache31,2371,896,25131,238,,
SiletiumNaturae,SiletiumNaturae,79,306,38075,43195,,La decadencia.
anguex,anguex,1849,1102,23955,1684,Amsterdam,España
i_paco,i_paco,332,239,6205,2188,Amsterdam,Lunares. 
matematica_ment,matematica_ment,1372,720,11296,9541,Athens,
RossiJose8,RossiJose8,321,302,8046,91,Berlin,
dora_nicoletta,dora_nicoletta,10800,12207,240551,213485,,"Barcelona, Catalunya"
seliger0,seliger0,775,271,17447,9211,,En el Club de la Lucha.
hepese00,hepese00,157,42,145,17,Madrid,
PedroElPedrin,PedroElPedrin,951,411,15622,8097,Madrid,Priego de Córdoba
Nachomadagascar,Nachomadagascar,996,729,13342,6492,Amsterdam,Granada
Bojinchi,Bojinchi,271,259,11176,37459,Ljubljana,En el Yermo o por Skyrim
maggiemartillo,maggiemartillo,142,73,366,25,,Tolosa City
PlatiniaNegra,PlatiniaNegra,354,269,11081,16686,Pacific Time (US & Canada),"Comunidad de Madrid, España"
lilianbluque,lilianbluque,658,281,960,52,,
IsaStrange_,IsaStrange_,307,325,17757,10718,Madrid,Invernalia
SrtaWilhelm,SrtaWilhelm,260,352,15449,5349,Athens,Cádiz
CarMasajocar,CarMasajocar,547,168,5086,4560,,Cadiz I Const. Española 1812
marianamixa,marianamixa,3058,3190,44316,1023,Amsterdam,Sant Cugat  BARCELONA
espabiladico,espabiladico,69,37,3323,5136,Athens,
VientosOrihuela,VientosOrihuela,5897,5376,396528,281314,Belgrade,Orihuela
_grillo2,_grillo2,1639,962,35676,37,, ESPAÑA 
DiegMG_14,DiegMG_14,858,217,6125,2065,Madrid,
DSncez,DSncez,338,75,656,1292,Athens,"Sabadell, Catalunya"
Mcarmejimenez,Mcarmejimenez,90,97,10396,2474,Amsterdam,
Ruben_glorioso,Ruben_glorioso,419,408,3313,2563,Athens,Vitoria - Gasteiz
ivanndro,ivanndro,768,677,4603,1711,,Murcia
guarramillas,guarramillas,66,74,8340,2310,,
MoliMolinag,MoliMolinag,337,260,26447,7183,,
Megarni,Megarni,440,257,24593,15211,Madrid,"Barcelona, Catalunya"
troyano_a,troyano_a,127,21,1019,530,,
AinaraaOrtegaa,AinaraaOrtegaa,1001,1577,65869,32711,Hawaii,Crecer es aprendr a despedirse
MiLiPe_96,MiLiPe_96,185,1202,30285,8661,,Cargando el móvil
Vilmabenel,Vilmabenel,210,213,4822,65,,
QueroGr,QueroGr,1439,1201,102216,22955,,
julsaco,julsaco,1047,696,80731,11100,Madrid,
ChrisTubilleja,ChrisTubilleja,279,3778,6767,6808,Amsterdam,Barcelona
Imanoltxu2010,Imanoltxu2010,9675,9643,28174,12950,Madrid,Donostia
MvrixCP,MvrixCP,586,351,10006,2612,Athens,Urano
adg5555,adg5555,172,133,17464,2284,Madrid,
maximors63,maximors63,4240,5410,253167,58310,,Las Palmas de Gran Canaria
ToniElEsquinero,ToniElEsquinero,199,316,13001,27732,Athens,"En la Esquina 4.0, Murcia"
IUCartama,IUCartama,489,263,4085,8,Greenland,
carlos_is_rich,carlos_is_rich,414,331,3951,3901,,
mccvillargordo,mccvillargordo,53,32,1610,2068,,
sema7cruz,sema7cruz,659,218,12403,24110,Dublin,Las Palmas de Gran Canaria
Ivan_Flores98,Ivan_Flores98,687,872,33239,15476,Berlin,Minas Morghul
bette_noir__,bette_noir__,2764,1269,59702,24324,Athens,
DesFErebrado,DesFErebrado,461,183,1414,176,Pacific Time (US & Canada),En el campo.
EugenioRuizPas1,EugenioRuizPas1,209,144,9496,120,,"Collado Mediano, España"
Dqnielll,Dqnielll,86,757,1181,24649,Pacific Time (US & Canada),"Rubí, Catalunya"
Belidor1964,Belidor1964,14,2,25,0,,España
Nevermind_420,Nevermind_420,95,30,390,1141,,Tenerife 
MouzoWinter,MouzoWinter,664,786,10036,6788,,"yes we can, forever"
eltuert0,eltuert0,2299,925,32073,4784,Madrid,Madrid
xesfur,xesfur,1023,1359,120224,54153,Madrid,Coruñistán
marianmontielr,marianmontielr,846,618,35247,2746,Athens,
Tenesmo,Tenesmo,2049,1751,174364,109184,Madrid,
franjaf1,franjaf1,1642,1062,35490,16055,,Asturias (Tierra)
adriansp_96,adriansp_96,385,378,45353,1171,,Manzanares - Ciudad Real
mariangeli1958,mariangeli1958,665,147,7486,188,,Ecija (Sevilla)
isaacpitu8,isaacpitu8,417,139,6002,903,,Logroño
Antoin0,Antoin0,234,126,11356,1734,,Sí.
Peter_piko_,Peter_piko_,1086,831,4845,3868,,
gon_guillem,gon_guillem,120,13,132,16,,
RRIHUETE,RRIHUETE,1664,880,69106,54780,,VALLEKAS
DnRapper,DnRapper,151,172,15311,792,,"León, Leonia/ Madrid, Castilla"
DavidLpezArroy1,DavidLpezArroy1,215,181,6243,4228,,
juliangrau,juliangrau,1634,1244,92569,90313,,"Barcelona, Catalunya"
Jeronimo_Rios_,Jeronimo_Rios_,91,295,316,349,,Entre Fuenlabrada y Bogotá
Komandante_Solo,Komandante_Solo,937,1372,135300,23388,,
BINOLLE,BINOLLE,1013,287,5965,1213,London,
Ninwa82,Ninwa82,248,181,8181,3887,,País de las maravillas
elnegroHK,elnegroHK,312,87,11668,242,,"Ourense, España"
carthografo,carthografo,2070,1465,53902,3592,Pacific Time (US & Canada),
meneame_net,meneame_net,7,246072,179592,0,Madrid,Mallorca
olgapodemos,olgapodemos,707,845,11093,4171,Ljubljana,"Barakaldo, España"
maestre1954,maestre1954,1274,1407,14337,982,,
MisssHurry,MisssHurry,109,147,24756,1711,Madrid,
ArtiomNB,ArtiomNB,167,558,16792,5851,Madrid,Málaga / Madrid
lluiisrobisco00,lluiisrobisco00,167,113,3048,3056,,mierda de mundo
shurcasper,shurcasper,586,204,4369,608,,Asturias
oldfanegas,oldfanegas,411,721,94677,60555,,
veconojo,veconojo,408,574,6655,12937,Pacific Time (US & Canada),"Andalucía, España"
antinomia4,antinomia4,2099,576,10446,102,Ljubljana,
RojaSinMordaza,RojaSinMordaza,3840,3935,51128,24117,Madrid,"Galicia Terra Nai ,A Coruña"
pepll51,pepll51,454,332,44765,2049,,"Barcelona, Catalunya"
unodeldiezE,unodeldiezE,2911,3488,33121,14809,Madrid,Iberia (Península Ibérica) 
MariaMarmar46,MariaMarmar46,1973,1487,58669,13194,Pacific Time (US & Canada),"Sagunto, España"
_cienciaCON,_cienciaCON,944,634,29017,1891,Pacific Time (US & Canada),
Fumanchhu,Fumanchhu,230,55,2541,1460,Madrid,Entre Madrid y Granada
Tunanta4,Tunanta4,487,191,7631,7823,Amsterdam,
JesusGomezOfi,JesusGomezOfi,368,39,353,15,,
Nagarjauna,Nagarjauna,384,272,99944,4765,Ljubljana,
nxadt,nxadt,733,1873,71164,26756,Madrid,"Roma, pero a veces en Pamplona"
Acrafy,Acrafy,146,184,7283,20390,Pacific Time (US & Canada),Saturn's rings
ovbra,ovbra,99,17,543,71,Athens,
kwertk,kwertk,132,74,3602,2055,,La Nada. 
malamante25,malamante25,3607,3696,386037,3716,,Galicia
srsoutoshadowns,srsoutoshadowns,489,864,86430,27147,Madrid,"Ponteareas, Galicia"
sergiogm798,sergiogm798,154,158,4848,7763,,
RecuerdaMelo,RecuerdaMelo,174,47,1246,458,Athens,
MacJuanma,MacJuanma,509,2072,180707,16437,Madrid,Somewhere Over The Rainbow
HelkonBlaster__,HelkonBlaster__,247,428,7782,11553,Pacific Time (US & Canada),En su casa.
mmmlentejas,mmmlentejas,155,230,24753,36919,Pacific Time (US & Canada),Ⓥ
Forbanet,Forbanet,142,120,8691,6570,Belgrade,"Alcobendas, Madrid"
josecoto001,josecoto001,119,48,520,459,,"Sevilla, España"
Alvarro_Tarto,Alvarro_Tarto,355,501,8224,14020,Madrid,La Vila Joiosa
MarcosGlez98,MarcosGlez98,255,174,2857,1656,,No lo sé ni yo
tato1907,tato1907,604,217,5290,299,,
mgl_rod98,mgl_rod98,402,377,12882,12233,Amsterdam,
EsperanzaGonzl3,EsperanzaGonzl3,346,248,5221,1794,,En sus jaulas de cemento
yaizaonthemood,yaizaonthemood,1358,433,3599,6589,London,
QuuicoM,QuuicoM,626,614,60892,8884,Madrid,Novetle
kidaout,kidaout,567,1272,28459,65059,Athens,
Yoryo05,Yoryo05,418,408,46007,22081,Madrid,León
paula_biar,paula_biar,350,264,6186,236,Madrid,BIAR 
vilsalvadir,vilsalvadir,8050,8239,30786,17030,Pacific Time (US & Canada),"Salamanca, España"
gregorio_1995_,gregorio_1995_,1018,820,35812,7501,Madrid,Sevilla
ShellyVegass,ShellyVegass,607,185,1532,5059,,hufflepuff soul
lolijacki,lolijacki,660,249,3759,3791,Pacific Time (US & Canada),
omarbrato,omarbrato,239,705,96018,68716,Madrid,San Junipero / Granada
entente667,entente667,194,64,14559,11,Hawaii,
mariaredondo18,mariaredondo18,134,182,33389,10518,,
eneko98,eneko98,443,1002,54778,39783,Greenland,Iparraldean
somatizando,somatizando,303,34,2096,1708,Madrid,La ciudad del Sol y las Ruinas
valeriahincapi2,valeriahincapi2,1901,503,16402,5022,,En algún rincón de Barcelona 
alexmacias11,alexmacias11,180,286,13489,2048,Madrid,Asturias. España.
Nocompromotos,Nocompromotos,471,378,22973,11760,,
Diego_Vesga,Diego_Vesga,338,321,23845,778,Madrid,Bilbao
ac_Guille,ac_Guille,945,165,2979,5449,Athens,
Thecsimadrid,Thecsimadrid,148,145,1476,767,Ljubljana,"Coruscant, Galactic Republic"
SaritaScottex,SaritaScottex,304,312,32317,2701,Madrid,Zaragoza
javisoto98,javisoto98,793,225,7413,6942,Madrid,Paleeenciaa(: y Barcelona!!!!!
alejandroliria8,alejandroliria8,186,182,16709,19183,,Las Palmas de Gran Canaria
gmarin99,gmarin99,255,201,6375,10272,Pacific Time (US & Canada),MECO
bcostabella,bcostabella,293,433,16960,12773,Pacific Time (US & Canada),terra de ràbia i impotència
hei_vj,hei_vj,2104,781,6948,6487,Madrid,Toledo
anaoromi,anaoromi,1448,1111,201644,1040,Madrid,República Catalana. UE
AlejandroElRome,AlejandroElRome,479,441,3063,170,Madrid,"Alpera, Albacete"
franvy93,franvy93,280,253,14684,10176,Madrid,Isla Nublar
azotedelmachito,azotedelmachito,114,54,682,944,CET,
pichacosmica,pichacosmica,794,1921,34772,19091,Athens,"Alacant, Països Catalans"
Oscar_arand,Oscar_arand,1182,1854,29478,27577,,"Barcelona, España"
albertocc_,albertocc_,531,688,26495,8707,Belgrade,"Badajoz, Extremadura."
CarmenRevillas,CarmenRevillas,374,310,5932,2224,Athens,Padrón
XxtianMCH,XxtianMCH,3672,2329,90040,58726,Lisbon,Madrid
josegar024,josegar024,601,287,7889,154,,
mondo1958,mondo1958,271,52,6875,206,,
TaraEscarlata,TaraEscarlata,3444,5151,286706,111641,,
davidsobrinos,davidsobrinos,396,547,10546,2647,,"Azuqueca de Henares, Castilla-"
Jabbastation,Jabbastation,247,523,94053,70,,Catalunya
Igor_Aguilar,Igor_Aguilar,352,121,3303,14846,,Reino de EsPPaña
miguisuxx,miguisuxx,204,1407,140781,42593,Greenland,Lonely Hearts Club 
Enlaparada,Enlaparada,587,858,13246,13838,Madrid,
__vasco,__vasco,444,693,14249,26949,Madrid,"Polla, Campania"
indignadobcn155,indignadobcn155,290,74,2920,1901,Madrid,
wylli7,wylli7,342,1930,32460,54380,Madrid,
RodriSVillar,RodriSVillar,399,240,9823,1156,Madrid,Coruña
realsociedad21,realsociedad21,312,222,3563,2736,,
JC_Paz,JC_Paz,807,487,21746,29399,Madrid,
irinacsbd,irinacsbd,93,114,1761,2075,Pacific Time (US & Canada),En el Círculo 
javierdelano__,javierdelano__,230,66,752,2493,,
muxaineta,muxaineta,1112,1541,62896,45504,,
curra737,curra737,753,849,19768,7704,,rias baixas. 
restinzap,restinzap,400,101,4584,2995,Pacific Time (US & Canada),Algun lugar sin TTIP ni FMI
MisterPekas,MisterPekas,139,160,14555,7894,Athens,That's what she said.
depaul_jorge,depaul_jorge,458,660,13835,19049,Amsterdam,Madrid
GaizkaOrbe23,GaizkaOrbe23,163,405,18600,25740,Madrid,"Zumarraga, Gipuzkoa"
SvdPsyduck,SvdPsyduck,222,351,8949,13781,Pacific Time (US & Canada),Málaga
DesiAguilas,DesiAguilas,642,646,7356,4990,Madrid,Águilas - Región de Murcia
david_foltak,david_foltak,329,213,14205,7824,,
PacoZetaZeta,PacoZetaZeta,1817,1170,33882,18448,Pacific Time (US & Canada),Zamora
fcojaviertorr14,fcojaviertorr14,71,41,936,1819,,"Sevilla, España"
Pepe_LuqueU,Pepe_LuqueU,145,119,2870,574,Athens,"Málaga, España"
takaforo,takaforo,1452,677,5350,1945,,closerThanYouThink
satanachisthell,satanachisthell,109,142,12542,14361,,
morirmucho,morirmucho,685,131,2644,118,,"Barcelona, Cataluña"
KeEscolano,KeEscolano,251,53,17928,17309,,
maeseseoriginal,maeseseoriginal,109,83,7627,64,,
beamarciel,beamarciel,568,274,11297,17085,Madrid,Alcobendas (Madrid)
m4r14bt,m4r14bt,216,99,853,1133,Madrid,
JamPepo,JamPepo,815,706,17145,11971,,
davidrod689,davidrod689,241,232,11638,18465,,
Almuden77069881,Almuden77069881,727,325,12338,3525,Amsterdam,navarra
jibar0back,jibar0back,231,369,2908,590,Sarajevo,
Pabloqb_,Pabloqb_,104,185,13362,1306,Madrid,Asturias
Caarmen26,Caarmen26,515,601,29744,10829,Amsterdam,Mérida 
seronda666,seronda666,42,39,1806,1374,,
hernilucky,hernilucky,427,131,4926,1914,,Los pasillos de la facultad
PedroRenedoJaJa,PedroRenedoJaJa,96,53,416,705,,
markanela,markanela,208,78,956,90,Athens,Revolución continua...
Grg1Gaspar,Grg1Gaspar,761,768,13712,173,,
vmm7773,vmm7773,45886,56519,55338,74853,Pacific Time (US & Canada),El Infierno
join92,join92,289,218,22974,17351,Madrid,
tyvy2,tyvy2,66,12,3290,12,,cantabria
NandodelArco,NandodelArco,291,51,512,364,,
carlosx39,carlosx39,231,183,9009,452,,carlos39@gmail.com
GatoConZapatos_,GatoConZapatos_,636,847,17713,8645,Madrid,seguidme en @madfxline
FGerecitano,FGerecitano,492,919,58684,15527,London,Sevilla
Leixvlogs,Leixvlogs,230,92,2718,1472,,penjat d'una biga
morcillo1977,morcillo1977,1149,1085,56907,13005,Madrid,ESPAÑISTAN
abysswalkeralex,abysswalkeralex,338,319,7261,14449,Madrid,"Alicante, España"
mila_griiitos,mila_griiitos,204,31,1068,83,,
PepGirbau,PepGirbau,1795,286,19989,1982,Athens,"Sabadell,  Barcelona, Sevilla"
sergiocorchi,sergiocorchi,376,139,6809,4697,,
PardoZGZ,PardoZGZ,156,158,18647,1009,Amsterdam,Zaragoza
twttPress,twttPress,168,46,1439,92,Pacific Time (US & Canada),
Borreguero96,Borreguero96,500,148,8071,199,Amsterdam,"Madrid, España"
RendonStephany,RendonStephany,127,168,13192,16721,,pa k kieres saver eso jj salu2
billy_123456,billy_123456,460,279,9005,47719,,People's Republic of China
ftsastre,ftsastre,400,767,24242,10527,Greenland,"mallorca, països xurrocatalans"
MaskedMatrix,MaskedMatrix,1023,1134,160943,52560,Athens,"Madrid, Comunidad de Madrid"
Tereram2013,Tereram2013,1860,2078,86156,22422,,
Khashirya,Khashirya,557,751,30575,23312,Madrid,"Madri(d/z), 9¾."
Miss_Adler78,Miss_Adler78,1359,1472,85315,17687,Amsterdam,
jorge_bec,jorge_bec,601,276,10376,9231,,Vicalvaro 
JaniJaani,JaniJaani,459,658,32782,7127,Athens,
_PatoKoala_,_PatoKoala_,85,32,4594,2441,,
republi67mlg,republi67mlg,1439,710,9848,117,Pacific Time (US & Canada),"Rincón de la Victoria,Málaga"
mike_gp64,mike_gp64,413,249,8382,3264,,madrid
MariaJuradoQ,MariaJuradoQ,341,339,8886,2911,,
ZASC4,ZASC4,189,6746,42892,110,Ljubljana,¡Bazinga!
Helico_Malia,Helico_Malia,188,254,12525,2822,Madrid,Delante de mi puto PC 24/7
FranFezMor,FranFezMor,269,327,2936,1528,Amsterdam,
pochiita10,pochiita10,227,366,16211,15444,,"Ávila, España"
saraa_fdez,saraa_fdez,223,119,1123,2273,Pacific Time (US & Canada),Madrid 
rafajuego,rafajuego,3862,3666,58352,26385,,"DE GRANADA,EN BARCELONA"
enriquecaliz13,enriquecaliz13,77,41,1375,1332,,"Chauchina, España"
MatosMazorra,MatosMazorra,73,53,1165,9,,
saulitix,saulitix,324,237,43102,25085,Warsaw,Delante del graffiti del Batu
JudiasVerde,JudiasVerde,169,24,866,890,,
AngelAgredano24,AngelAgredano24,247,262,15575,14113,,
Gontzaloro,Gontzaloro,38,177,27559,28,Amsterdam,JURISDICCIÓN DEL SURTIDOR
danidetuxe,danidetuxe,1211,597,29190,28287,Amsterdam,
kikomoroman,kikomoroman,492,212,17348,15922,Madrid,
haroldjorge,haroldjorge,632,407,9605,1925,Madrid,Madrid
sandraagisbert,sandraagisbert,688,414,15205,10721,Greenland,
Pepeista,Pepeista,269,207,9590,2422,Pacific Time (US & Canada),En vuestros corazones
martin1987es,martin1987es,2280,2838,54669,45594,Madrid,Pisa Morena (Spain)
miriamconeme15,miriamconeme15,1157,737,9338,3082,Athens,Donde duerme el Chamán
ThiagoxSanchez,ThiagoxSanchez,884,903,40482,54852,Madrid,Asturies
lolitolama,lolitolama,276,663,33856,11562,Amsterdam,"En la COPE, Mediaset, Fifa"
chinodelasuerte,chinodelasuerte,579,598,52764,16245,Greenland,"Snoqualmie, Twin Peaks"
firrisflaiflas,firrisflaiflas,317,88,437,921,Pacific Time (US & Canada),España Madrid
ciudadanopeli,ciudadanopeli,1936,949,14211,3397,,
TomberyFFX,TomberyFFX,615,114,6109,11825,Ljubljana,Zanarkand
NoeliaBenito,NoeliaBenito,326,671,20329,4130,Greenland,Ávila
PabloDM3,PabloDM3,129,108,15627,34,Madrid,
artaber,artaber,293,103,2335,35,Madrid,
Mooie_eendje,Mooie_eendje,267,132,814,3020,,
samubernaldo19,samubernaldo19,340,274,2581,252,,
Doctachai,Doctachai,261,78,17479,3420,Amsterdam,
ljcarcedo,ljcarcedo,270,74,2789,271,,
_despojo_vital,_despojo_vital,336,407,12911,6072,London,Strangeland
dontpanicsatan,dontpanicsatan,682,2229,71019,91256,Ljubljana,
nopro_george,nopro_george,793,111,6924,7181,,Mi casa
SeventhDead,SeventhDead,319,143,30094,31643,Madrid,Preußen
jmatalobos3,jmatalobos3,121,146,17045,9,,
adripastorcico,adripastorcico,1134,659,11100,19967,Madrid,"Paterna, València"
LaZonaSucia,LaZonaSucia,1511,792,23285,1868,Madrid,
prxcyn,prxcyn,634,861,46593,15589,Madrid,Más en Huelva que en Aljaraque
SergioRodrguez7,SergioRodrguez7,591,1119,45044,24816,Madrid,"Valladolid, España"
mielmateo,mielmateo,224,71,988,546,Pacific Time (US & Canada),
arrpak,arrpak,574,403,37112,11655,Europe/Madrid,Spain
MariemmaGarciaR,MariemmaGarciaR,1457,1337,33468,1306,Madrid,
Robertofr63,Robertofr63,853,375,18787,2067,,madrid
BezaresFernando,BezaresFernando,279,339,21490,9344,Madrid,Palma de Mallorca
PacoFFigue,PacoFFigue,454,257,12935,10981,Paris,
Victor_Reloba,Victor_Reloba,1106,2367,50637,6698,,"Zaragoza, España"
Jorge_Rollon,Jorge_Rollon,92,190,5716,1872,Amsterdam,"Ávila, España"
ConsuVictor8,ConsuVictor8,560,270,11519,157,Madrid,III República ☭ || Zaragoza ♀
PakoCod,PakoCod,113,185,22315,1884,Athens,CELTA E GALIZA
Carolet_13,Carolet_13,291,390,5140,4568,Madrid,
santifer_8,santifer_8,373,302,8609,512,,Martorell 
AlbertVirgili,AlbertVirgili,1378,417,14801,7029,Athens,"Barcelona, Catalunya."
MontseLadi,MontseLadi,421,371,11043,11484,,Ciudadana del mundo
RosaKempin,RosaKempin,2793,3175,97543,2290,,
ohLaura650,ohLaura650,850,273,11556,3747,,"Madrid, Comunidad de Madrid"
marietemateos,marietemateos,1349,988,38744,6707,Athens,
Silius_dark,Silius_dark,241,42,1867,294,,cerca de GIBRALTAR
ostadu,ostadu,621,451,11053,6657,Madrid,
Antrodrimadro,Antrodrimadro,2660,1621,54519,199,Europe/Madrid,"Parets del Vallès, Cataluña"
VilaplanaJan,VilaplanaJan,152,62,522,243,,"Barcelona, Catalunya"
Buho_Cule,Buho_Cule,268,801,28578,1078,Madrid,||*|| Barna ||*||
TiexableLoL,TiexableLoL,173,104,4560,4629,Pacific Time (US & Canada),Palma de Mallorca
DrakniaKing,DrakniaKing,103,37,3704,8568,Madrid,Draknia
ReboRodriguez,ReboRodriguez,104,104,736,1149,,"Pontevedra, Galicia"
_Big_Problem_,_Big_Problem_,148,92,2073,1539,Madrid,"Marte, el planeta verde"
leal_vilches,leal_vilches,148,102,5846,7919,,País Valencià
PChupachups,PChupachups,739,423,8932,5999,,
FernandoGodino,FernandoGodino,2067,697,20439,299,Madrid,España
roquita53,roquita53,135,80,3507,1770,Madrid,Universo
Victormarto3,Victormarto3,456,924,66123,41948,Madrid,MALLORCA-MONCLOA 
BishopBoys,BishopBoys,35,145,11028,10359,Greenland,
FernandoDezRubi,FernandoDezRubi,2067,1778,24213,2831,Amsterdam,París
99mco,99mco,510,740,23935,20738,Madrid,Nòmada
Juan_Teleco,Juan_Teleco,773,226,3984,889,Athens,
CronicasDeLidia,CronicasDeLidia,145,415,32095,4452,Madrid,barcelona antifeixista PPCC
chonchorecords,chonchorecords,575,298,20734,6833,Madrid,Gypsieland
humana007,humana007,737,414,3622,1419,,
JorgeOne78,JorgeOne78,182,224,4987,9881,,"Aragón, España"
pauros88,pauros88,1296,735,19311,478,Athens,Lleida - BCN - CATALUNYA 
ManuelSanchez07,ManuelSanchez07,529,269,4454,3411,Madrid,
Durans00,Durans00,650,515,26368,14356,Madrid,"Villena, España"
phobophille,phobophille,228,438,68027,1910,Madrid,Somewhere near Shadow Moses
milujuelena,milujuelena,1114,531,18681,15546,Madrid,Asturias.España
Mariaa_Presilla,Mariaa_Presilla,393,371,3238,2124,Amsterdam,València-Pirineus
itoh1975,itoh1975,627,329,5995,9219,Amsterdam,L'Hospitalet de Llobregat
rubendc11,rubendc11,113,15,278,236,,
_laauraa_12,_laauraa_12,144,149,3163,1100,Pacific Time (US & Canada),Galiza
cesarpg99,cesarpg99,694,1129,50170,22770,Pacific Time (US & Canada),"Guardamar del Segura, Alicante"
antirratacloaca,antirratacloaca,876,2071,20654,19082,Madrid,euzkadi
maquis62,maquis62,204,121,3329,1293,Pacific Time (US & Canada),
Sgarcia12SBD,Sgarcia12SBD,5092,4920,5972,459,,"Sabadell, Catalunya, España"
ASemperr,ASemperr,3233,870,1398,652,,Ceuta. Norte de África
merchicle,merchicle,91,115,6356,2190,,
roblesj90,roblesj90,627,333,9096,3471,,Badajoz
LNCleon,LNCleon,223,7602,20529,2709,Amsterdam,
caminario,caminario,1690,984,29722,6717,,Tan rojo que os pongo negros
carlosrd97,carlosrd97,161,252,53111,3216,Athens,On The Telegraph Road
MiguelDelas97,MiguelDelas97,356,372,5630,1153,Madrid,Astorga ~ Salamanca
GuerreraMorada,GuerreraMorada,1284,1444,46557,1630,Belgrade,
DaniSenshi,DaniSenshi,1002,347,4504,1267,Amsterdam,Barcelona
peibolmth,peibolmth,232,61,680,806,Madrid,"Barcelona, Cataluña"
esperanzagnlez,esperanzagnlez,592,374,3615,2368,,
MarcDuranB,MarcDuranB,160,467,45605,24806,Madrid,Carmen
javierhgzc,javierhgzc,565,243,3223,3581,,En Medio
redtraza,redtraza,47,29,2361,1906,,
GuasYanAlb,GuasYanAlb,1366,350,3029,245,Pacific Time (US & Canada),A prop del foc i la neu
cenaenberlanga,cenaenberlanga,829,268,1565,252,Madrid,Benimaclet
Seni1977,Seni1977,324,251,7264,12800,Madrid,
josemi_sgonz,josemi_sgonz,415,551,41308,2853,Madrid,MADRID
calduux,calduux,543,371,8998,3367,Athens,"Valencia, Comunidad Valenciana"
igna_morin,igna_morin,293,223,6336,9753,,"Valencia, España"
the_last_child,the_last_child,785,407,96288,81728,Pacific Time (US & Canada),En tierras extremeñas
xerardobouzas,xerardobouzas,662,351,9003,6451,,A ti te lo voy a decir xd
luistela99,luistela99,92,20,223,32,,
AndresRubies64,AndresRubies64,1500,1128,22831,10010,,Balaguer (Catalunya)
_rudegirl8_,_rudegirl8_,282,487,64686,50764,Athens,"Reus, España"
Matinera,Matinera,857,783,18482,0,Madrid,
Efe_Morningstar,Efe_Morningstar,62,1157,60565,30,Madrid,Deep South.
rodmontbcn,rodmontbcn,159,74,2581,1136,,Barcelona
aburu73,aburu73,174,38,1873,113,Madrid,Vitoria
AutenticSamu,AutenticSamu,961,844,16716,10471,Madrid,"Sabadell, Catalunya"
pepegiraldez,pepegiraldez,1716,1707,26931,164,Greenland,España
manssiniuno,manssiniuno,592,303,52358,38,,
SaraGonBer,SaraGonBer,531,705,9478,9087,Madrid,Valladolid - Salamanca
themustech,themustech,106,28,511,69,,
EVirino,EVirino,575,440,22346,23814,,
SillePe,SillePe,1641,1536,41841,28655,Madrid,"Viladecans, Barcelona, Spain"
gvinolas,gvinolas,1989,413,29995,5467,Brussels,"Barcelona, Catalunya"
javibre95,javibre95,555,214,407,1778,,En tos los sitios y en ninguno
Anicasios_Bar,Anicasios_Bar,642,587,11592,4978,,Habitante del mundo.  
Rafa_Ingles,Rafa_Ingles,1033,643,30469,22870,Athens,
pedromtovar,pedromtovar,114,107,1324,2001,,
maytemoro59,maytemoro59,227,118,11189,1217,Athens,
jaumefusterserq,jaumefusterserq,298,159,16371,18764,,en algún sitio
Bruunation,Bruunation,123,382,641,3465,Belgrade,Stalingrad
AtalayaPin,AtalayaPin,346,156,4095,1983,,
E_Martin_,E_Martin_,549,399,41381,16589,London,Canarias
baker_221_Adler,baker_221_Adler,4176,1395,32961,27198,Amsterdam,"Braavos,ciudad libre"
_Contemplador,_Contemplador,2628,2685,114742,15870,Belgrade,"Madrizzzzz, Spañistán"
asuncionborja,asuncionborja,358,228,7479,43,Athens,
DanielAzulon,DanielAzulon,326,186,8914,806,,La Solana  Getafe 
Amilcar_vb,Amilcar_vb,283,199,7321,7653,,
Luisemparan,Luisemparan,774,913,97970,8521,Amsterdam,Vasco-andaluz 
EsppeonzAguirre,EsppeonzAguirre,700,72795,35069,9736,Madrid,España
EABilbao123,EABilbao123,929,924,82381,104980,Pacific Time (US & Canada),"Bizkaia, Euskal Herria"
miquelflorit,miquelflorit,1546,988,33275,9793,,entre Rumania i La Canonja.
Esquitx17,Esquitx17,1923,1920,94320,62365,Greenland,"Vilanna, Girona, Catalunya"
msabate7,msabate7,234,111,2516,471,Belgrade,"Vilanova i la Geltrú,Catalunya"
ChicodeAlk_,ChicodeAlk_,608,628,4988,2176,,Alcorcón
Joanct_cat,Joanct_cat,324,155,3122,5350,Madrid,España
NomesJoan,NomesJoan,840,829,52012,2011,Brussels,El món
mviccg,mviccg,78,92,18001,8431,,
ECastrilR,ECastrilR,110,150,20403,3325,Madrid,
menudotiarro,menudotiarro,8133,11725,244512,96439,Madrid,Paris 1789
SintesOlivella,SintesOlivella,312,2414,6255,291,Madrid,
ALaPatriaBuena,ALaPatriaBuena,5000,4457,23016,7591,Caracas,En La Matria España
dani_valdes28,dani_valdes28,191,101,6796,28,Greenland,Carchuna(Granada)
SergioGil69,SergioGil69,279,359,33388,664,Madrid,"Hall of Fame, EEUU "
xavinoro,xavinoro,334,148,2520,7,Madrid,Agramunt
AidaHernendez,AidaHernendez,284,143,914,307,Brussels,
AveEscoltada,AveEscoltada,270,257,8054,3496,Amsterdam,Indefinida
RosaliaVicenteS,RosaliaVicenteS,466,402,16986,1150,,Madrid
DaniGHSS,DaniGHSS,368,1722,60881,37550,Belgrade,
serergio98,serergio98,517,458,14374,3205,Amsterdam,Badajoz-Sevilla - La Rosaleda
OrtegaMarq,OrtegaMarq,200,85,5359,2854,,Penedès - Gràcia
Rufaes1,Rufaes1,339,163,23098,8866,,
vyabobrovibfd,vyabobrovibfd,28,8,407,351,,
the_torres1999,the_torres1999,171,51,585,3732,,"Granollers, Cataluña"
kalen_everes,kalen_everes,33,55,4357,11,,
zendhaal_,zendhaal_,316,155,48503,15173,Madrid,Antequera ↔ Málaga
andrevsk,andrevsk,228,186,2809,21792,Pacific Time (US & Canada),
pepitosala_v2,pepitosala_v2,176,41,1705,14,Madrid,Aqui
ernestoelultimo,ernestoelultimo,2170,857,4312,152,,valencia
anxo_luans,anxo_luans,837,440,10526,12027,UTC,entre ni puta idea y a saber
AleaIactaEsta,AleaIactaEsta,156,34,564,639,Pacific Time (US & Canada),
AlbaBernal15,AlbaBernal15,328,353,14132,473,Madrid,Asgard.
AlbertJaimeC,AlbertJaimeC,741,527,24805,4945,Amsterdam,Barcelona
Amenator_V,Amenator_V,82,35,1124,2751,,"Valladolid, España"
AntonioMaestre,AntonioMaestre,969,92045,128357,9125,Hawaii,
PeneDeColores22,PeneDeColores22,390,279,10705,4838,Casablanca,Neverland
JordiVanderwaal,JordiVanderwaal,394,398,21889,8457,London,"Barcelona, Catalunya"
sarazamora_j,sarazamora_j,185,215,7633,11016,,Galiza
carmeeeta_01,carmeeeta_01,71,184,9329,18292,,"Mallorca, PPCC"
Pabloshr,Pabloshr,188,35,2479,76,London,
remon_ubasart,remon_ubasart,617,302,4687,7207,,
pokafeina,pokafeina,192,41,4392,283,Paris,
pilukify,pilukify,160,74,5220,633,,"Parets del Vallès, España"
marcsanss,marcsanss,212,93,385,30,,
rubenjsm6235,rubenjsm6235,51,57,3603,3615,,
jesuso_13,jesuso_13,219,315,3225,228,,
sergichafer,sergichafer,232,285,8366,868,Athens,Salem
ppdlop74,ppdlop74,1902,966,14186,19944,,
Herejegoitia,Herejegoitia,2164,481,19511,2403,Madrid,
SoniaCayetano,SoniaCayetano,1599,803,7131,4016,Europe/Madrid,
Rosario_Sanjuan,Rosario_Sanjuan,999,749,23595,7382,Europe/Madrid,
Terenaria,Terenaria,205,107,7272,439,Madrid,MADRID
pilmanver,pilmanver,516,425,37607,26196,,
aremarper,aremarper,680,707,8447,3136,Madrid,San Junípero
beatriz13978,beatriz13978,309,225,5907,6933,,
HolaemdicTheo,HolaemdicTheo,2126,424,3020,1703,Athens,Sant Boi de Llobregat - Castef
Sr_Bernadi,Sr_Bernadi,380,230,9136,4510,Athens,Entre π y τ
abeparatodas,abeparatodas,4997,1862,15232,1337,,
dcxvi616,dcxvi616,6225,5291,77173,3,Pacific Time (US & Canada),
Asquitopais,Asquitopais,871,680,19533,21386,Madrid,La Rioja
Marloko1980,Marloko1980,125,18,1448,118,,
emistar61,emistar61,4990,3323,45177,20471,Amsterdam,Aviles Asturias España
sfrres,sfrres,141,102,119,21,Madrid,Costa Brava 
JuankaGallego19,JuankaGallego19,321,354,61053,2547,Madrid,"Jaén, España"
Marina_Tolosa,Marina_Tolosa,331,275,22222,25352,Madrid,"Barcelona, España"
Kuroi1Tenshi,Kuroi1Tenshi,295,349,16749,16103,Amsterdam,Somewhere over the rainbow
LaDelSergib,LaDelSergib,398,172,3252,785,Athens,"Kohi, Lleida."
MelindaCatalan,MelindaCatalan,1899,1834,28702,1087,,Ibiza
1GAXX1,1GAXX1,218,168,1657,3345,Madrid,Madrid
AleriinaCaKonii,AleriinaCaKonii,518,436,6292,1201,Prague,"Antequera, España"
Llamame_Sorin,Llamame_Sorin,177,91,2336,1284,,
kikelonmartin,kikelonmartin,733,193,2580,1482,Amsterdam,Nómada
raulbarryyy,raulbarryyy,546,277,12534,7076,Greenland,
piezas,piezas,3687,4112,130229,1820,Madrid,Pezonia
Ztakro,Ztakro,469,180,1527,2276,Madrid,sestao
Cabestroiro,Cabestroiro,739,771,12976,2388,Madrid,España
jc_karnak23,jc_karnak23,2351,2379,82643,1238,Hawaii,Mijas (Málaga) - España
antoniaamoraga1,antoniaamoraga1,94,315,56935,37628,,
EZV66,EZV66,662,601,2181,1949,,
javialpeac,javialpeac,253,216,2438,742,,Vicálvaro
EvilJoseVi,EvilJoseVi,1051,359,17960,3160,Madrid,"Alquerías, Murcia"
alvorota,alvorota,1047,978,59219,61011,Madrid,
WriterOfNights,WriterOfNights,667,234,2836,3854,Pacific Time (US & Canada),"Agochado, a ver se me atopas."
lamarchefutile,lamarchefutile,169,34,4475,3132,Madrid,
JosebaLarrea,JosebaLarrea,880,614,9451,5810,Madrid,Valencia Iruñea
EsCULcA,EsCULcA,151,441,1776,65,Madrid,Galiza
massverrdee,massverrdee,1445,1057,49580,697,,
TheJulesWorld,TheJulesWorld,3447,4000,131862,65,Madrid,"London, England "
LaRomeu78,LaRomeu78,457,359,9680,11816,,
bearebollar,bearebollar,1234,1175,13430,724,,Vigo
TeresaJardi,TeresaJardi,22,43,2938,2121,,
jcabadia46,jcabadia46,416,173,11336,230,Madrid,
AlexRomo13,AlexRomo13,1287,736,23776,6392,,Platini muérete
jjrguezv,jjrguezv,377,98,5269,91,London,Las Palmas - Telde
johndoorlittle,johndoorlittle,249,170,7200,526,Athens,galicia
evatrejo55,evatrejo55,195,134,20871,6027,,
josep_salvado,josep_salvado,2019,1283,46794,21178,Paris,"Barcelona, Països Catalans"
Dioniare,Dioniare,1072,257,18644,16282,,
Luismi_canibal,Luismi_canibal,270,292,13715,6243,Amsterdam,Rianxo
estrepeiro1,estrepeiro1,1676,585,16844,15569,,III República 
LlochBell,LlochBell,51,14,182,50,,
PortoPar,PortoPar,482,140,11728,17173,,
auroisa47,auroisa47,882,851,16565,6783,,
jcd1483,jcd1483,1568,319,6426,5635,,Las Palmas de Gran Canaria
pidemunt95,pidemunt95,610,408,1069,3050,Greenland,Girona
PatriciaBou1,PatriciaBou1,165,41,820,1007,Madrid,"Barcelona, España"
elfilldelmetge,elfilldelmetge,215,159,24637,5354,Madrid,
AgustiColomines,AgustiColomines,3866,13397,42531,14556,Madrid, Catalunya
vanesajota,vanesajota,255,158,8939,109,Athens,
rubennm98,rubennm98,290,232,9429,3616,,"Córdoba, Andalucía"
PanyAlbert,PanyAlbert,47,82,9130,2832,Madrid,Horno
JJPPbcn,JJPPbcn,2077,1337,54043,60370,,Cerdanyola /Catalunya 
legnatore,legnatore,3842,2513,67035,62431,Madrid,Oviedo
albertomdp13,albertomdp13,170,102,2841,1150,Athens,Valencia
OscarDotG,OscarDotG,315,335,7667,5911,Madrid,MADRID
PatooCesar,PatooCesar,2397,950,49116,5796,Buenos Aires,"San Miguel, Argentina"
punktumaca,punktumaca,286,929,32056,32508,Pacific Time (US & Canada),BCN ☭ 
jvelascoerro,jvelascoerro,84,331,102729,2343,,
Txukie,Txukie,429,170,3622,1334,Madrid,"Bilbao, Spain"
MendezPocero,MendezPocero,46,147,1427,95,,"Burgos, España"
josefranciscobn,josefranciscobn,175,32,2538,1574,,
free4CAT,free4CAT,519,175,12595,8867,Madrid,
higinih,higinih,398,703,52460,78,Paris,Catalonia
rosarodriber,rosarodriber,134,67,3828,16,,
SentimentCule,SentimentCule,1213,9195,78474,28708,Madrid,ESPAÑA
ANAMGARCIAPARLA,ANAMGARCIAPARLA,249,71,6170,12,Madrid,"Castellón, Comunidad Valenciana"
walkyria81,walkyria81,556,258,9997,5799,Madrid,
ElGalloRojo2,ElGalloRojo2,508,1052,68976,34473,,Воркута - Welcome to gulag
Joan9_9,Joan9_9,142,69,2387,1837,,
fonky65,fonky65,453,448,28799,19000,Madrid,
Monix81Tri,Monix81Tri,336,219,7389,4390,,
marina38711358,marina38711358,2775,1533,47538,9726,,Sevilla
62_David,62_David,968,265,4905,3820,,Castellón 
pacohortado,pacohortado,1713,2487,59308,6104,Madrid,
AlejandroRicas,AlejandroRicas,549,289,31400,1451,,
DuroBelinda,DuroBelinda,4039,3873,377758,17095,,"Molina de Segura, España"
miikilo,miikilo,309,77,576,8,Pacific Time (US & Canada),Errioxa
Piligalan65,Piligalan65,94,83,2686,291,,
marisalennon,marisalennon,787,618,57691,49645,,
repmus_saerdna,repmus_saerdna,562,329,19873,417,,Barcelona
dorima61,dorima61,2070,1639,11911,14998,,
CgtcorreosSg,CgtcorreosSg,47,82,8107,10,,
laia_sala_a,laia_sala_a,2080,694,25501,4390,Amsterdam,"Girona, Catalunya"
ruissos,ruissos,196,32,300,235,,Inca (illes balears)
ajferreiro,ajferreiro,250,303,6207,2149,Athens,
BobaSlave,BobaSlave,32,21,2288,588,,
BrujaNaranja,BrujaNaranja,309,88,10930,6576,Madrid,
mrodgarw,mrodgarw,157,336,67031,22360,London,
JuanAlonsoUceda,JuanAlonsoUceda,459,440,14326,38,,Barcelona
juantxu5478,juantxu5478,941,790,15896,6598,,"Santurtzi, Bilbao"
juanarcealvarez,juanarcealvarez,797,344,24046,4591,Santiago,Santiago de Chile
96marialopez,96marialopez,348,202,1838,383,,Murcia
era_hora,era_hora,101,30,469,61,,
Cagoumeagaivota,Cagoumeagaivota,1459,612,6563,1582,Madrid,Ferrol
eduhcma,eduhcma,196,58,1522,54,,
Yolandarp5,Yolandarp5,350,428,19951,600,Athens,
zoe_lc,zoe_lc,1153,489,38525,12205,Madrid,"Asturias, España"
filmotecacat,filmotecacat,374,21418,20475,7148,Athens,Catalunya
Q_Uiop,Q_Uiop,2306,457,23836,39693,Madrid,En falso directo. 
AgudoZarco,AgudoZarco,300,43,981,622,,España
Chinobi_Ninja,Chinobi_Ninja,398,1331,148076,66493,Madrid,Sede de la Orden de  ¯\_(ツ)_/¯
rocalca,rocalca,1383,667,21411,11099,,
zezenzuska,zezenzuska,458,1619,81541,55219,Madrid,
begonha58,begonha58,522,455,30894,861,,
1960Anamari,1960Anamari,1611,1341,59904,29017,,"Sevilla, España"
adrimlga89,adrimlga89,180,76,470,4547,Madrid,Málaga
RICARDPF,RICARDPF,3182,1868,17531,18339,Athens,"Catalunya, Independent"
Juanje_,Juanje_,473,490,39900,11751,Athens,Segunda estrella a la derecha
juanlue27,juanlue27,290,56,873,86,Madrid,E.H.
demigueldiaz,demigueldiaz,1003,721,8532,25473,London,España
Diegoviedista,Diegoviedista,848,349,3249,37059,,
castellanapura,castellanapura,2969,1682,141036,61,Madrid,
AceOriolet,AceOriolet,1280,1151,35455,19200,Belgrade,Asteroid 17473
miquel556,miquel556,795,517,74221,27084,,Pv de Lleida
juanfrarik,juanfrarik,628,293,2204,3005,,Almería 
josefaricharteg,josefaricharteg,218,468,54402,1084,,
NitovJH,NitovJH,59,278,30798,3635,,Sevilla 
xxapiron,xxapiron,1125,355,2916,11577,,
infoinflamable,infoinflamable,405,424,20839,6800,,España
Franciscoalbaca,Franciscoalbaca,454,541,60271,38477,,
Maitechus,Maitechus,1346,595,43053,9203,Paris,"ÜT: 41.718765,2.734009"
salvad_m,salvad_m,1529,1628,194224,36416,Ljubljana,"Catalunya, Europa"
Saul_TM,Saul_TM,230,312,14861,5150,Madrid,Madrid
allimite,allimite,3415,2349,78058,54972,Madrid,"Catalunya, España"
femopi1,femopi1,31,19,1298,1295,,
SubotaiBaatur,SubotaiBaatur,1116,853,31617,16834,Amsterdam,Estepas de Mongolia
amendezsa,amendezsa,11702,10669,24343,1330,Belgrade,
JuanCar73088254,JuanCar73088254,126,62,1149,96,,
david16111980,david16111980,113,152,44929,2615,,
AbetoteDe,AbetoteDe,651,378,16812,18114,,"Butarque, Madrid"
ivicobofdez,ivicobofdez,751,301,7552,1291,,CANTABRIA 
ciberbego8,ciberbego8,149,67,2444,142,Amsterdam,España
leones1966,leones1966,136,212,5887,2772,Madrid,Leon (españa)
stxrborn,stxrborn,207,136,1286,2072,Madrid,Terrassa
FranK_no,FranK_no,500,275,5757,594,,ABϟCD
GarboGaBrie,GarboGaBrie,157,181,52617,31150,London,Tenerife.
phernande8,phernande8,245,146,2914,33,,Europa-Sur
Daussusen,Daussusen,482,256,20076,4089,Madrid,"Granada - La Barca, Cádiz. "
remediorum,remediorum,373,340,36992,15541,Athens,En el montón bueno.
brmgirona,brmgirona,178,51,3388,2719,,
adriguimera,adriguimera,134,194,2702,2195,Pacific Time (US & Canada),
mentefria93,mentefria93,119,141,7458,509,,"Казань, Россия"
troncomovil66,troncomovil66,112,69,3666,2795,Madrid,orihuela (alicante)
tamiloxd,tamiloxd,99,78,3892,4293,,Invernalia
gerardpv11,gerardpv11,1362,451,11964,828,Greenland,
antonjf,antonjf,344,391,10132,1929,Athens,Nazón de Breogan
nieveslazurda,nieveslazurda,1711,1569,36974,21011,,logroño Mayo de 2014
percentilx,percentilx,953,982,42400,742,Pacific Time (US & Canada),
OmarHarillo,OmarHarillo,164,197,6950,790,Madrid,
pitroque,pitroque,124,131,9861,3151,,
MasLunitasusa,MasLunitasusa,500,64,1875,2545,Madrid,
_shurne,_shurne,452,108,1697,6156,Amsterdam,España
TxusAT,TxusAT,358,68,666,1043,Pacific Time (US & Canada),"Barcelona, España"
regaliza2003,regaliza2003,2412,3185,211316,76073,Amsterdam,Mi pintor fav: Olivier Rouault
mymanwe,mymanwe,124,87,12082,6,,"ÜT: 42.837427,-2.667856"
dashiell92,dashiell92,292,128,8965,703,,
daniip74,daniip74,482,282,5754,8680,Greenland,Galicia
aammcc74,aammcc74,467,129,2111,306,,
eurogallo,eurogallo,1983,818,32279,1254,Greenland,
Hirundo_H,Hirundo_H,692,681,20794,15964,,
delasinia2,delasinia2,207,99,7511,738,,
__namaig,__namaig,527,680,26284,8590,London,"Salamanca, España"
Louisemichele1,Louisemichele1,130,7,66,2,,
rapero_rojo,rapero_rojo,454,501,23005,14296,Madrid,"Madrid, Comunidad de Madrid"
RosaRosavieji1,RosaRosavieji1,2291,2163,112325,40859,,
jadronda,jadronda,355,2259,3022,2,Pacific Time (US & Canada),Ronda - Estepona
rpereirarios,rpereirarios,544,281,1170,725,Madrid,Mallorca
SanDez196,SanDez196,294,802,16938,9639,Athens,"Comalandia, Les Fonts"
YeroStation,YeroStation,422,411,20888,10303,Pacific Time (US & Canada),Santa Cruz de Tenerife
JuliaAlcodori,JuliaAlcodori,168,176,18425,1346,,
DaniG4H_,DaniG4H_,205,434,29333,16983,Madrid,Madrid
Erdani_C,Erdani_C,354,280,15907,3066,Madrid,ciudad K
Oroitz5,Oroitz5,281,74,7144,9040,Amsterdam,Euskal Herria
jorgepfdez,jorgepfdez,1762,1672,124435,2718,,España
rrafaroman,rrafaroman,1846,996,50258,6414,,"Tarragona, España"
yansi00,yansi00,2459,2154,37105,35188,,
PabloBaskes,PabloBaskes,223,263,24286,3596,Belgrade,The world that never was
Trikas19,Trikas19,688,640,30762,15502,Madrid,Lugo de Llanera
DiosDelYaoi,DiosDelYaoi,694,1416,77519,47830,,El Paraiso del Yaoi
Fran_Acu99,Fran_Acu99,390,537,32651,59677,Amsterdam,Arcadia Bay
OnidSad,OnidSad,539,732,91196,27442,Madrid,Madriz
MelendezMagno,MelendezMagno,681,260,5831,987,Madrid,Cerca de Marinaleda.
voyjamao,voyjamao,1027,6395,60869,92863,Madrid,En la nevera
PatriciaTesan,PatriciaTesan,162,96,4490,1451,,"Barcelona, Cataluña"
ecologismo10,ecologismo10,3454,784,20992,12682,Minsk,SPAIN
JoseRViguera,JoseRViguera,2020,405,27159,36070,Madrid,Calahorra - Zaraguaza
Clan_splash,Clan_splash,839,251,14578,11432,Amsterdam,
dacaci20,dacaci20,85,42,10583,5,,
JulioAl55385067,JulioAl55385067,2238,1289,44446,6013,,
FerdinanDFirst,FerdinanDFirst,500,343,8455,11387,Greenland,Madrid
tati_meri,tati_meri,111,42,3368,1729,,
Mr_WhiteBuilder,Mr_WhiteBuilder,275,79,5362,25,Pacific Time (US & Canada),North Pole 
borgyomail,borgyomail,269,64,9252,16334,,
solojose77,solojose77,1569,653,9382,3649,,Chamberí-Madrid 
CarlosBN98,CarlosBN98,171,188,15008,6458,Madrid,"Granada, España"
Susu14_98,Susu14_98,314,344,9427,4446,Pacific Time (US & Canada),"Salamanca, España"
97Yutuh,97Yutuh,127,89,2217,4295,,19
AvaricumJorge,AvaricumJorge,74,41,561,38,Hawaii,
_AndresSimon,_AndresSimon,503,317,3380,961,Pacific Time (US & Canada),Córdoba - Madrid
JaiGarcia7,JaiGarcia7,105,92,2622,1473,Pacific Time (US & Canada),"La Plana Alta, País Valencià. "
Gabrielaslgdp,Gabrielaslgdp,514,587,32783,21700,Belgrade,"Vigo,GZ"
AlbertCamos,AlbertCamos,1990,465,20287,26009,Athens,Girona - København
rodribg17,rodribg17,340,235,4884,11300,Athens,Madrid
M3galodoN,M3galodoN,496,267,3762,313,Paris, Авила
HernandoIrene,HernandoIrene,492,1467,81097,41713,,
iglesiasruben_,iglesiasruben_,374,353,5151,4935,Pacific Time (US & Canada),"Santiago de Compostela, España"
taniuski_,taniuski_,418,405,36146,2211,Athens,Central City
adrisouto96,adrisouto96,820,734,25807,8498,Madrid,"Ourense, Galiza"
Minosotis,Minosotis,504,420,38179,9012,,
chejuano,chejuano,460,592,58180,1996,Madrid,
Blues_lover_,Blues_lover_,547,455,92445,55265,,Road is my home
Marioloparte,Marioloparte,367,469,31805,914,Madrid,Manzanares
Aritzma9,Aritzma9,263,432,24954,23805,Amsterdam,"Ermua, Euskal Herria ╰ɵ───ɵ╯"
melena40170393,melena40170393,8,1327,31188,45790,,
ARuizPardo,ARuizPardo,190,169,10009,17,Madrid,"A Coruña, Galiza"
lu_ftgordafan,lu_ftgordafan,373,625,49347,56356,Buenos Aires,Argentina✈ifs
RosaRS5,RosaRS5,235,136,5122,273,,
pluvisca,pluvisca,161,152,4267,6271,,Girona
AnaJuradoR,AnaJuradoR,487,304,15626,16639,,"Malgrat de Mar, España"
BercianaF,BercianaF,156,133,2786,4101,,
GinesAP1,GinesAP1,113,106,4774,278,Athens,Jaén
_SrPompas,_SrPompas,769,806,71970,12285,Madrid,Celda 562 de Arkham Asylum.
Utre_Sama,Utre_Sama,280,280,21623,5613,Amsterdam,Praha
CapitanEscarla2,CapitanEscarla2,2240,1303,44640,28264,,
PodemosArona,PodemosArona,1162,1237,4803,644,London,"Arona, Tenerife, España"
KevinMorenoXKX,KevinMorenoXKX,452,251,10371,5603,Madrid,Dark side
EmilioVicedo,EmilioVicedo,527,465,11967,4402,Madrid,"Canals, Valencia"
Jose_Rodriz,Jose_Rodriz,495,241,9403,3248,Athens,La Alhambra 
MIKELINKINP,MIKELINKINP,227,363,49005,25858,Athens,
jonedgdg,jonedgdg,258,124,3869,7852,,
PedroDur4n,PedroDur4n,530,68,6135,2170,Madrid,
Mofly_11,Mofly_11,210,120,2479,9919,Athens,"Sant Quirze dl Vallès,Cataluña"
joana_oro,joana_oro,738,953,16923,30019,Amsterdam,Països Catalans - Catalunya
acomajoancara,acomajoancara,1266,885,21185,1216,Sarajevo,"Osona-Gràcia, Països Catalans"
LuisQuintana91,LuisQuintana91,679,447,10132,9978,Ljubljana,Elx
fransipe1977,fransipe1977,703,304,14999,359,,Sevilla 
actionjorge98,actionjorge98,504,196,3901,1964,Madrid,
jdcontreras_,jdcontreras_,131,88,2910,1571,Madrid,"Barcelona, España"
Dulceyadorable,Dulceyadorable,151,825,57615,69605,Madrid,Filologia Clàssica UV 
Miki_Moliver,Miki_Moliver,1372,558,32307,8694,Amsterdam,Same old shit
JosepJimenez2,JosepJimenez2,601,151,11905,5914,,
victorjmaza,victorjmaza,1009,326,17016,2135,Pacific Time (US & Canada),Piedras Runas (El Valle)
Javiifs11,Javiifs11,228,246,970,721,Madrid,Burgos
Cardennister,Cardennister,206,215,6810,77,Madrid,"Suplex City,Bitch(Madrid)"
rafatega21,rafatega21,429,258,16826,1386,,"S.Pere de Ribes,Bcn,Catalunya."
juliogonzalezgz,juliogonzalezgz,305,226,4534,657,Madrid,#pontevedra
_LaMamma_,_LaMamma_,1348,1876,31983,11388,,
_inbloom,_inbloom,494,440,36370,50402,Athens,S. Rachmaninov
carlosrroth11,carlosrroth11,186,85,15991,1759,Madrid,Gotham
OxelOca,OxelOca,917,732,33164,4033,Athens,Euskal Herria
Marhuendeer,Marhuendeer,393,1971,12246,9053,,
JaviiRCCelta,JaviiRCCelta,1236,1656,41192,35648,Amsterdam,Vigo|Galiza Afouteza e Corazón
novaas14,novaas14,227,169,2132,1472,,"A Coruña, Galicia"
RubeeenCanosa,RubeeenCanosa,234,203,2029,998,,GZ
CampoCasado,CampoCasado,375,101,2325,524,,
Fotzes_,Fotzes_,344,188,143,6845,Madrid,"Vall del Ges, PPCC"
CrisProfir,CrisProfir,348,925,35747,52065,Madrid,Girona
PolHostt,PolHostt,464,295,3014,2109,Madrid,"Calafell, Tarragona"
manolivi64,manolivi64,538,269,11886,4750,,Guillena (Sevilla)
ManoloMoll,ManoloMoll,72,25,210,149,,Valencia (Spain)
Toitofdz,Toitofdz,620,671,27175,4533,Greenland,
sagelesrr,sagelesrr,479,490,14488,1129,Amsterdam,
mario_house,mario_house,582,493,11395,4131,,    casa de tu madre  
MetyRemember,MetyRemember,148,161,7356,7299,Pacific Time (US & Canada),
kiko_carretero,kiko_carretero,87,31,2086,1177,Madrid,Santiago de Compostela
Rociotovs,Rociotovs,1522,1184,56619,2896,,
floralnfxding,floralnfxding,270,377,5581,3818,Pacific Time (US & Canada),barcelona
QuemaoEsPoco,QuemaoEsPoco,151,660,23457,1297,,"Paracuellos, Madrid, Spain ☭"
bookLoverRus,bookLoverRus,3396,5228,111146,24179,Athens,
Piedracea,Piedracea,592,441,13433,98,Greenland,piedracea
NasuOtraMovida,NasuOtraMovida,442,1018,39853,1872,London,Cádiz-Mi propio mundo-León
miguelburgos98,miguelburgos98,235,566,105133,68463,Madrid,"La Zubia, España"
HelenMB96,HelenMB96,390,391,11470,1385,,"Almoradí, España"
miguelrosap,miguelrosap,684,528,10942,9433,Amsterdam,"HP, Huelva // Sevilla"
javicraft999,javicraft999,101,65,3293,1235,,Mi casa (España)
rubencollarte77,rubencollarte77,292,188,2399,782,Hawaii,"VIGO, SPAIN, nba planet"
JaimeDF_,JaimeDF_,346,171,839,6752,Pacific Time (US & Canada),Madrid
yUReCarabbaio,yUReCarabbaio,666,260,2993,1767,Madrid,Las Palmas de Gran Canaria
darkn3ss_x,darkn3ss_x,294,295,4836,9080,Pacific Time (US & Canada),"Vilagarcía de Arousa, España"
FreireRojo,FreireRojo,50,22,1953,898,,
topoV5,topoV5,1657,202,5294,4405,Athens,
Um7bjTw,Um7bjTw,350,479,984,1744,,
DemisBasal,DemisBasal,544,297,1853,612,Athens,En algún lugar del planeta
fragacocafina,fragacocafina,472,200,23838,11963,,Na llama
joeabenpresa,joeabenpresa,1963,2359,65266,13666,Paris,Rolle.Ginebra
rcko3,rcko3,2133,2209,198778,27371,,
issijimenez,issijimenez,1094,956,8376,594,,palma de mallorca
JMSH1966,JMSH1966,309,175,25593,100,,"Las Palmas de Gran Canaria, Islas Canarias"
SextaNocheTV,SextaNocheTV,554,141684,53764,14,Amsterdam,
ilikebaands,ilikebaands,774,881,101232,4714,Amsterdam,GIRONA 
sabrifriass,sabrifriass,1069,1338,31662,17593,Amsterdam,"Mallorca, Països Artgarrafals"
davidaricua,davidaricua,961,980,3255,2208,Amsterdam,Madrid
LlucSegura,LlucSegura,370,559,42215,9816,Pacific Time (US & Canada),"Mallorca, Pastissos Catalans"
luis94gaitan,luis94gaitan,480,180,16258,415,Madrid,"Madrigueras, Albacete"
AnaShipper,AnaShipper,92,108,16980,299,Madrid,Barcelona
Alexchistoso30,Alexchistoso30,112,23,868,559,,Mira en tu ventana
mikel_madari,mikel_madari,1363,3126,10320,17681,Pacific Time (US & Canada),"Santurtzi, España"
porartedemajia,porartedemajia,1980,1474,148838,63136,,
Pete447,Pete447,315,217,18746,1829,Madrid,No más lejos de la realidad.
MikelMoso,MikelMoso,2199,1953,126994,157387,London,Pretoria (In Apartheid)
dbustosvargas,dbustosvargas,3701,2015,102552,122879,Madrid,Palma de Mallorca
FRANSCAR81,FRANSCAR81,223,605,171347,96427,,
CataCracksun,CataCracksun,154,228,6153,3825,Madrid,
pedroartiles3,pedroartiles3,160,22,103,368,,
anderra57,anderra57,820,541,33499,8329,Berlin,Euskal Errepublika Sozialista 
RekklesTkm,RekklesTkm,195,328,57185,17294,Amsterdam,"Barcelona, Catalunya."
nadal_tony,nadal_tony,369,135,28332,6628,Madrid,"Andújar, Spain"
AitanaaPV,AitanaaPV,1034,1927,57778,72899,Madrid,"Alcoi - Altea - Alicante,Spain"
cliffperraroja,cliffperraroja,266,297,4231,5553,Pacific Time (US & Canada),Vlc
MarioMoya14,MarioMoya14,721,204,3108,655,Athens,
forotribunal,forotribunal,661,427,9637,42,,
balesdesang,balesdesang,192,123,2043,2129,,Pangea. 
soyRoguez,soyRoguez,376,647,55398,60368,London,Huelva York
sickredhair,sickredhair,444,273,9043,5456,Pacific Time (US & Canada),Catalunya 
RoltasVGC,RoltasVGC,195,175,2558,1489,Madrid,
FR5DDY,FR5DDY,491,356,49121,15859,Madrid,Catalunya
FCB_Navarro,FCB_Navarro,511,1737,1821,28975,Madrid,"Valencia, Comunidad Valenciana"
__Shaketsu,__Shaketsu,411,380,16002,16635,,Catalunya Soviética
DiegoTurbosito,DiegoTurbosito,262,326,4798,1689,Amsterdam,Madrid
Pettrolero,Pettrolero,281,113,2781,9458,,"Jaén, España"
hopeIessbitch,hopeIessbitch,685,2111,41805,12582,Ljubljana,Watashi wa shinitai
AlexCatena5,AlexCatena5,210,230,6030,661,,
PablodelaGara,PablodelaGara,144,246,7596,16966,Pacific Time (US & Canada),Bilbao
Pablo_PeY,Pablo_PeY,1059,238,2818,1133,Madrid,Bembibre (Bierzo)
Pachuco98,Pachuco98,258,272,30202,29172,Amsterdam,Zaragoza // Alcalá de Henares
Ani_Spain,Ani_Spain,187,91,1107,3838,,La Coruña - Galicia
JoseLuque_41,JoseLuque_41,445,817,93087,19891,Pacific Time (US & Canada),Almería - Wrestlemania
VassKK,VassKK,390,2639,30905,104658,Madrid,"Bilbao, Spain"
wily_crespo36,wily_crespo36,691,504,16001,5268,Athens,Runaterra.
Colau5,Colau5,647,167,3403,289,Greenland,Dolingrado
pelotausuario,pelotausuario,185,105,7820,948,,jerez de la frontera
Don_AlaS,Don_AlaS,43,479,6314,21713,Pacific Time (US & Canada),República Jiennense
Sagredo_1921,Sagredo_1921,302,442,15132,10582,Amsterdam,Š
Baackstroker,Baackstroker,415,238,4029,8316,Pacific Time (US & Canada),"El pichón, Valladolid"
xoelmartinez42,xoelmartinez42,546,324,17904,11287,Madrid,"Galiza, onde se non?"
Koke_6_98,Koke_6_98,472,550,23135,2909,Pacific Time (US & Canada),"Madrid, España"
carleinnany,carleinnany,907,670,96660,27896,Greenland,Animalia lotsatuen putzua
ErnestVGC,ErnestVGC,324,1083,4507,6649,Madrid,"Barcelona, Catalunya "
_Carreras_,_Carreras_,413,594,22040,22082,Madrid,"L'Escala, Girona"
SergiDiaz94,SergiDiaz94,1458,875,67778,14161,Madrid,Esplugues de Ll.
alexmadrid9,alexmadrid9,1737,1527,39727,21987,,Estadio Vicente Calderón
Julio_Garco,Julio_Garco,510,926,54535,10816,Madrid,"Isla Cristina, España"
Angel_itos,Angel_itos,166,73,1194,602,Mexico City,.
AizpuruXa,AizpuruXa,106,68,2869,13,Madrid,
Berlustinho,Berlustinho,3001,48123,98820,280878,Brussels,BCN | Berlustinho@gmail.com
JosCano4,JosCano4,522,653,14501,9211,Casablanca,"Barcelona, Cataluña"
PPmangamas,PPmangamas,29,38,682,1984,,
Warcos_Con_W,Warcos_Con_W,45,4,311,630,,
carlosscid,carlosscid,191,289,34831,442,Madrid,Sevilla
clemenga,clemenga,293,108,17674,1962,,
PanopliaWeb,PanopliaWeb,1733,1088,3978,1454,Madrid,
antongata,antongata,430,462,10140,8144,,
Annagavito31,Annagavito31,51,12,1053,232,,
savarito76,savarito76,173,78,2169,1659,,Marbella
jjoaquinpr,jjoaquinpr,92,128,26116,10575,,"Comunidad de Madrid, España"
A_full_,A_full_,258,289,5688,701,Europe/Madrid,
no_seas_facha,no_seas_facha,249,89,4773,3005,Madrid,
IncendioTria,IncendioTria,229,259,85026,19131,Madrid,Patrocinado por Copinsa
AmaiaHola,AmaiaHola,237,81,6813,279,,
Jasen24,Jasen24,576,913,18263,2058,Greenland,"Madrid , España"
pazgabela,pazgabela,2383,2163,92290,31228,Madrid,Asturias
Juvedi30,Juvedi30,764,476,45556,16546,Brussels,
PatriotaPopular,PatriotaPopular,1847,4154,151192,49223,Madrid,☭ Venecuba de centro sensato
TENGOPOLLON,TENGOPOLLON,3140,894,25629,16674,,En la luna.
hectorpezloz,hectorpezloz,707,694,13423,12220,Madrid,VALLEKAS 
stbnthegreat,stbnthegreat,149,65,10455,15520,Madrid,
BrunoskyWasosky,BrunoskyWasosky,152,30,2441,1754,Madrid,"Huesca, Aragón"
arnaeth,arnaeth,1195,1050,44812,4986,Madrid,Dorne
Chelito78,Chelito78,955,203,5133,2125,Madrid,"Valencia, España"
Amapola_verde,Amapola_verde,409,133,10280,656,,
macufg54,macufg54,6813,7228,62480,27170,,"Donostia, Euskal Herria."
coolbyte,coolbyte,280,508,8965,1642,Europe/Brussels,"#RightNow :Barcelona,Catalonia"
kanyero,kanyero,1949,389,7517,19,Pacific Time (US & Canada),
javieee1982,javieee1982,212,155,9027,17051,Amsterdam,
toCarlosHuev0s,toCarlosHuev0s,250,191,24783,2305,Belgrade,Los internets
elgau77,elgau77,748,202,9185,3133,,
KORNETAN,KORNETAN,524,201,7719,46,,BENISSA(ALICANTE)
magadancosio,magadancosio,776,294,5228,3546,,
yaguhu,yaguhu,128,81,7643,2508,,
Jofradolz,Jofradolz,395,245,11098,10420,Greenland,"Valencia, España"
MiguelEL,MiguelEL,2389,467,53993,29515,Madrid,"Zaragoza, España"
Ketupyn,Ketupyn,809,825,39343,7692,,
Eugenial63,Eugenial63,112,113,21012,4881,,
Martatristan,Martatristan,550,131,191,51,,asturias españa
jmperdigo,jmperdigo,1301,1736,10941,188,Madrid,Barcelona
Rulo_xiii,Rulo_xiii,187,252,10626,4741,,"Charming, California"
Ialza,Ialza,527,570,20936,14858,Brussels,En la red desde España
