ID,Label,Following,Followers,Tweets_count,Favourites,Time_Zone,Location
civiscivil,civiscivil,1873,496,10419,580,Madrid,
CedixSoyYo,CedixSoyYo,74,63,369,113,,
libres_domingas,libres_domingas,568,686,18843,11385,Pacific Time (US & Canada),ojalá en un concierto
ComeHerePuthes,ComeHerePuthes,57,59,193,23,,"Galicia, España"
soymutonto,soymutonto,135,60,2239,567,Pacific Time (US & Canada),
DanielHermetico,DanielHermetico,707,872,53732,11754,Athens,ɨռռɛʀաօʀʟɖ | ѧяm•psєċ 
QueroGr,QueroGr,1439,1201,102216,22955,,
Franciscoalbaca,Franciscoalbaca,454,541,60271,38477,,
Payaser,Payaser,772,28204,92871,151771,Madrid,"Texas, USA, Barcelona "
AmigosProgresis,AmigosProgresis,1253,681,10510,2638,Europe/Madrid,Alcorcon
BoigDelTerrat,BoigDelTerrat,580,193,9540,8664,Madrid,Mira detrás de ti.
clemente_al,clemente_al,2198,1410,74883,8062,Pacific Time (US & Canada),"Islas Canarias, España"
squantum1714,squantum1714,72,172,62312,467,,
Xuxipc,Xuxipc,277,73928,72879,59839,Athens,Zamora
MinatoBestDaddy,MinatoBestDaddy,399,1698,94100,148243,Madrid,Rakuzan/HOMRA/Kiheitai
__Maiq,__Maiq,459,460,132113,214506,Edinburgh,Grixis - Boros
redlipsexotic,redlipsexotic,1127,666,32114,7465,Madrid,seville
andoni_o,andoni_o,1779,1116,73370,33378,,Eskual rock n rollin
jonedgdg,jonedgdg,258,124,3869,7852,,
EstebanEmilia,EstebanEmilia,5001,2481,31027,30768,,Ponferrada
m_donis,m_donis,1710,1186,75111,1514,Athens,
lolaq20,lolaq20,4521,5543,70121,2005,Athens,
TruloxD,TruloxD,201,356,27699,8583,Pacific Time (US & Canada),
RojoDemagogo,RojoDemagogo,174,61,1588,532,,
FlashNoseCat,FlashNoseCat,354,367,19385,3415,Azores,
joserayab,joserayab,1085,739,35382,7561,Madrid,Córdoba
ALCNovelda,ALCNovelda,519,607,8461,66536,Madrid,Novelda
MaripazSDR,MaripazSDR,2378,1551,72426,14284,,Getafe
huelgadehambre9,huelgadehambre9,4869,1168,16009,6741,,
cagigos_mamen,cagigos_mamen,88,113,5108,12652,,
tonnirubio88,tonnirubio88,1432,1510,57483,15628,,Andalucía
garcijarvar,garcijarvar,519,1460,132563,68949,Madrid,Matrix (Provincia de Albacete)
psicolengua,psicolengua,4618,2158,17736,3925,Madrid,Madrid
polinariyagoc0n,polinariyagoc0n,29,10,481,347,Pacific Time (US & Canada),
iagoPodemos,iagoPodemos,2076,867,39832,39144,,
CJNovelda,CJNovelda,213,253,6598,46879,,Novelda
FrikerSalcedo,FrikerSalcedo,356,383,19082,5087,Amsterdam,Génova 13
Jonathan_HG91,Jonathan_HG91,3359,3245,481865,78225,Amsterdam,Sanlúcar de Barrameda (Cádiz)
SergeNicos,SergeNicos,85,11,1183,4,,
fcojaviertorr14,fcojaviertorr14,71,41,936,1819,,"Sevilla, España"
nlk66,nlk66,372,93,1990,3083,,
Ireneecg,Ireneecg,277,506,20964,7449,Athens,Huelva
navegand0,navegand0,697,1620,97140,17461,Madrid,Girona   CAT  |l*I| 
monica_re19966,monica_re19966,233,439,24758,67740,Pacific Time (US & Canada),Madrid/Alemania 
Edelmiro1961,Edelmiro1961,868,2300,82549,28426,Pacific Time (US & Canada),Aquimismo
andreamqq,andreamqq,469,1872,30472,18433,,Canarias
angelesfig,angelesfig,2853,2609,19568,16738,Hawaii,A Guarda
kallavokas,kallavokas,64,14,1836,72,,
ligeretta,ligeretta,93,91,585,45,Madrid,"Barcelona, Spain"
mansan09,mansan09,927,623,24033,5354,,"Murcia,era alta España"
joseriv13006184,joseriv13006184,80,188,41611,14241,,
Vic12io,Vic12io,299,637,19425,27027,Madrid,
RafaGijon69,RafaGijon69,410,354,26705,1915,,"La Luna, Satélite de La Tierra"
PILI93s,PILI93s,4993,3506,59321,31657,Europe/Madrid,
Alfredictor,Alfredictor,76,36,615,894,,
catandy_eff,catandy_eff,252,217,11491,5327,,
jcd1483,jcd1483,1568,319,6426,5635,,Las Palmas de Gran Canaria
maricarvidalsam,maricarvidalsam,2625,2594,353120,67555,,Santander
cabezapercebe,cabezapercebe,733,193,5683,1785,Madrid,Cáceres city
RoqueBarcia,RoqueBarcia,1085,853,63146,39164,,"Cartagena , España"
lmpg_twi,lmpg_twi,283,370,48780,24575,,
salvad_m,salvad_m,1529,1628,194224,36416,Ljubljana,"Catalunya, Europa"
Dibecad,Dibecad,476,197,2103,20,Greenland,Tomares (Sevilla)
kepasawonda,kepasawonda,612,946,59241,64320,Amsterdam,Cantabria
neogeo39,neogeo39,144,169,48950,18367,Berlin,"Menos en España, donde sea"
AliciaLaulet46,AliciaLaulet46,7604,6933,37721,75968,Athens,BCN
izanthekiller1,izanthekiller1,340,43,927,574,,"El Prat de Llobregat, España"
angelsnovoape,angelsnovoape,482,247,9126,7553,,
carpeamorem,carpeamorem,4054,2225,75072,5583,,jardin de las delicias 
Colau5,Colau5,647,167,3403,289,Greenland,Dolingrado
Marinbaldo,Marinbaldo,908,314,12483,208,,"Mar Menor, Murcia, España,"
CKatarsis,CKatarsis,10484,20085,25473,20773,Madrid,
mercedescloilde,mercedescloilde,447,511,37558,43041,,
javimilanista,javimilanista,3477,2432,4847,963,Greenland,
Rubiozag,Rubiozag,437,331,15282,6784,,"Santander, Cantabria"
getaparo,getaparo,461,1683,348753,147,Madrid,
WGaztea,WGaztea,55,41,6222,874,,
ElCascabel13tv,ElCascabel13tv,189,48826,18533,173,Madrid,
Cesarsvlla,Cesarsvlla,316,2421,62218,44207,Hawaii,Sevilla
j0dedor69,j0dedor69,29,21,2056,48,,atapuerca City
focaiguaiterra,focaiguaiterra,2596,1442,72012,58412,,República Catalana. UE
cabajoseba,cabajoseba,71,79,1680,1197,,
dedomuelle,dedomuelle,301,77,4093,647,Madrid,Soy un polaco desos jejejejj
rfernandezjou,rfernandezjou,477,780,103968,37306,,
guiller_espiga,guiller_espiga,55,32,1152,734,,
DanielFerGz,DanielFerGz,214,183,29662,17718,Madrid,"Torrevieja, España"
Flashito_,Flashito_,106,369,108035,23279,Athens,Candadito: @turbotroleo
JoseLuque_41,JoseLuque_41,445,817,93087,19891,Pacific Time (US & Canada),Almería - Wrestlemania
LucasTyrell,LucasTyrell,60,14,680,59,Pacific Time (US & Canada),
spongeb95961656,spongeb95961656,155,7,296,184,,
Lia_PC,Lia_PC,161,128,1755,887,Madrid,Asteroide B612
Archaeopteryx8,Archaeopteryx8,648,452,11808,7401,Athens,
YulianaVK,YulianaVK,1205,873,73593,33621,Zagreb,"El Guinardó, Barcelona"
Anarisd,Anarisd,488,440,20238,7207,Europe/Madrid,Barcelona
GaldutaNago,GaldutaNago,17,5,64,18,West Central Africa,Donde no haya policía.
Juanmipuchalt,Juanmipuchalt,616,379,16436,5663,Madrid,València-Bilbo-Warszawa
carlosasturies,carlosasturies,986,938,15014,9174,Madrid,En Oviedo aunque Cangués
TbykmJr,TbykmJr,427,213,16087,19539,,"Detrás de ti, imbécil. "
aenriquezl,aenriquezl,304,64,4376,1631,,
UalidSarghini,UalidSarghini,149,353,12600,7459,Madrid,Vamos Mi Granada!! 
ShiOfAstora,ShiOfAstora,195,283,34970,52412,Madrid,
Grigorispoem,Grigorispoem,194,287,13495,10580,Pacific Time (US & Canada),Pronto en una caravana.
DavidPiedrafita,DavidPiedrafita,112,22,751,111,Athens,
pepeitorr0,pepeitorr0,1878,1439,46253,746,Pacific Time (US & Canada),Madrid
Javiguanarteme,Javiguanarteme,139,79,1852,515,Madrid,"Zaragoza, Spain"
frikiquark,frikiquark,1377,538,57700,18860,Amsterdam,
guevarache31,guevarache31,2371,897,25131,238,,
DarthVaderBcn,DarthVaderBcn,418,568,51746,155,Madrid,Catalunya 
liverpooldavidm,liverpooldavidm,2044,1745,141177,79643,Madrid,
Doralaacusadora,Doralaacusadora,761,762,2910,1874,Athens,
Arnaiztech,Arnaiztech,364,344,11042,3498,Madrid,Burgos // Guzmán Ribera
apetecaown,apetecaown,357,404,4472,4351,,
rlisistrata,rlisistrata,365,173,2911,191,,
aublavejant,aublavejant,482,379,9667,16789,Madrid,"Barcelona, Catalunya "
junio1969,junio1969,1010,346,11586,1350,Pacific Time (US & Canada),
LLSSerrano,LLSSerrano,3012,2477,37909,17462,Athens,Quarta dimensió
PabloH_A,PabloH_A,1981,234,17343,1692,Amsterdam,http://ask.fm/PabloH_A  
Jordivll,Jordivll,9471,12666,101352,45652,Madrid,"Torrent, Pais Valencià"
antonio59946367,antonio59946367,182,72,2866,11,,
505inc,505inc,215,144,4440,2456,Pacific Time (US & Canada),Madrid
JosDiegoBarrado,JosDiegoBarrado,631,137,793,617,,
iSusans,iSusans,106,299,37158,7535,Madrid,Chasing rabbits.
tato1991ur,tato1991ur,3093,2236,42790,12291,Amsterdam,Suiza 
numb2106,numb2106,132,47,240,32,,"Valencia, España"
goiri_j,goiri_j,94,28,1356,21,,
JMluque3,JMluque3,37,8,107,311,,
matussera,matussera,61,688,4852,6109,Pacific Time (US & Canada),Muy de mi calle y de mi risa.
nenasub2,nenasub2,591,3491,84228,132198,Pacific Time (US & Canada),"Ordino, Andorra"
westmalle65,westmalle65,500,81,5020,2862,,
marixeruizde,marixeruizde,856,841,14958,6988,Amsterdam,Arrasate | Euskal Herrixa
ThorPolov,ThorPolov,1734,1564,29631,4719,Madrid,
vslponte,vslponte,1505,1553,47240,87154,Madrid,Ponte Vedra - Galiza
Silvicarri,Silvicarri,563,1151,13593,23115,,"Murcia, Rehiyon ng Kanlurang V"
erreharria,erreharria,2173,6316,56610,13286,Amsterdam,Mediocrilandia
Sara_gra,Sara_gra,640,1227,32500,7880,Madrid,Madrid
amisut,amisut,132,18,111,11,,
maquinandoarte,maquinandoarte,329,201,20202,1525,Athens,españa
ars_magno,ars_magno,206,996,35814,36021,Pacific Time (US & Canada),Den Haag
astridma_96,astridma_96,249,260,5895,6637,,
loronoabogados,loronoabogados,908,1413,1948,209,Amsterdam,"Bilbao, Getxo, Barakaldo."
sabinaaguado,sabinaaguado,4710,3498,43307,24414,Athens,BARCELONA-MADRID 616718464
jfmfernandez201,jfmfernandez201,290,149,2138,326,,
hartodelamafia,hartodelamafia,12,25,1357,430,,
rosacasasaynoza,rosacasasaynoza,454,432,65690,62631,,
Ainho_ao,Ainho_ao,626,243,11267,7410,,
stbnthegreat,stbnthegreat,149,65,10455,15520,Madrid,
JagEstrada,JagEstrada,10,5,527,135,,
Bestgoten,Bestgoten,206,39,523,274,," Madrid, España"
Eduard_Sans,Eduard_Sans,617,459,5705,2052,,
AsunToldra,AsunToldra,610,404,27624,14796,Madrid,
Bistekh,Bistekh,98,63,4160,4840,,"Barcelona, Espanya"
Pluckyto1975,Pluckyto1975,1515,2088,33945,24580,Brussels,Pamplona
tr0k01,tr0k01,900,238,10985,1105,Hawaii,GZ
1jandrolopez,1jandrolopez,9,9,18,1,Madrid,"Almería, España"
58Cramos,58Cramos,338,175,8448,2232,,
davidfeganu,davidfeganu,714,277,4109,2213,,
camacho_com,camacho_com,2238,867,35245,118,Athens,cadiz
DaveBarr98,DaveBarr98,259,179,2776,189,London,
alaznefs,alaznefs,182,116,7529,6000,Amsterdam,Euskal Herria
euroeuropa,euroeuropa,6589,7312,165965,137897,Madrid,1949DONEC PERFICIAM RepúbliCAT
jose_wyrm,jose_wyrm,568,305,10292,6516,,"el baño, mi casa"
Mayi_Ibias,Mayi_Ibias,985,825,40939,3731,,"Ibias, España"
emocionycambio,emocionycambio,6603,7076,230809,63767,Europe/Madrid, Desde Mayo  2014    Barcelona
Anto360nio,Anto360nio,529,197,12987,7840,,Albacete
mxnrrie_,mxnrrie_,724,1159,32651,74918,Athens,"Madrid, España"
EuropaSombria,EuropaSombria,479,101,2392,1596,Lisbon,Espaňa
juanman78734705,juanman78734705,0,0,70,0,Pacific Time (US & Canada),
CloscaRoja,CloscaRoja,731,508,7115,345,Madrid,Manresa - Catalunya
SItunberri,SItunberri,901,471,10855,6575,Pacific Time (US & Canada),
hdcarrefour,hdcarrefour,529,15196,108454,51755,Madrid,Málaga - Spanien
carollm333,carollm333,786,1006,122640,45,Pacific Time (US & Canada),
desobediencia69,desobediencia69,753,984,76607,53143,,
JuanjeAlcon,JuanjeAlcon,844,659,28732,9661,Madrid,Tuna metalera de Sevilla
LNCleon,LNCleon,223,7602,20528,2709,Amsterdam,
_01010011_,_01010011_,542,502,4636,498,Athens,Catalunya
MiguelLorenzo10,MiguelLorenzo10,181,100,4137,1053,,"Albacete, España"
1denmadrid,1denmadrid,243,1167,301790,134,Madrid,"Madrid, Colombia"
dnicatala,dnicatala,1487,7986,153519,115948,Brussels,"Terrassa, Catalunya"
gi_kel,gi_kel,1707,2645,27753,4548,,Catalunya
kdnpv,kdnpv,470,235,33222,16615,Madrid,
RogerYoda,RogerYoda,5986,7643,90554,92092,Madrid,"E Street, Jungleland"
cigarunfumarro,cigarunfumarro,406,1513,70151,112384,Athens,zaragoza - boltanya
dannypeewee,dannypeewee,735,301,6411,1675,Madrid,san sebastian de los reyes
CirunCh,CirunCh,553,427,44145,174,,The Netherlands
trempantempaito,trempantempaito,3343,3145,86566,3656,Paris,
Sra_Iguana,Sra_Iguana,1106,146,7448,393,Pacific Time (US & Canada),Ciudad Autónoma de Buenos Aire
ConsiMiranda,ConsiMiranda,4924,4608,25645,46179,,Palma de Mallorca
angeles_calv,angeles_calv,13,3,26,287,,
75pilicapi,75pilicapi,2185,6554,129992,10954,Athens,mañolandia 
BcnLoles,BcnLoles,385,455,31293,15152,,"Barcelona, Spain"
mijailepv,mijailepv,1637,1227,7238,9810,,Galicia
ferrando_diego,ferrando_diego,241,244,614,350,,"Beniarbeig, España"
Zombor007,Zombor007,185,151,2657,1567,,
MariCruzIsasi,MariCruzIsasi,260,327,4111,10040,Madrid,Ciudad Real. España
ma_montse,ma_montse,215,95,10350,3277,,
porkoshark,porkoshark,131,28,245,22,,
ikerbest,ikerbest,393,222,7852,4298,,Gasteiz 
mvallver,mvallver,47,157,8837,5382,Athens,
EngineerCVM,EngineerCVM,142,25,1798,379,,"Valencia, Spain."
JosefaPortales,JosefaPortales,1893,1974,87253,11492,,Alcorcon (Madrid)
jordiv,jordiv,1334,1841,107472,567,Madrid,Barcelona
corocota,corocota,175,47,12566,27,Paris,
toCarlosHuev0s,toCarlosHuev0s,250,191,24783,2305,Belgrade,Los internets
jpgaipo,jpgaipo,830,952,60273,8002,Madrid,El rectángulo de W. W. Ellis
malyilusionada,malyilusionada,170,100,4445,42,,Aguadulce.   Almeria
Chiky_Godoy,Chiky_Godoy,276,43,263,280,,"Madrid, Comunidad de Madrid"
carlesponsi,carlesponsi,1030,4094,17520,6134,Madrid, BCN / Figueres
pintorperez1965,pintorperez1965,1321,1230,30234,4633,,"Sevilla, Andalucía"
dora_nicoletta,dora_nicoletta,10800,12207,240551,213485,,"Barcelona, Catalunya"
rafaeltoussola,rafaeltoussola,2097,1270,23053,1003,Madrid,Lebrija
ferrancererols,ferrancererols,381,153,1964,3258,Copenhagen,
1DCamrynSpain,1DCamrynSpain,320,1418,12569,3052,Athens,Bajo el cielo púrpura de Roma
Archel_6,Archel_6,338,79,11286,6522,,
Rap_Ulsel,Rap_Ulsel,79,40,1807,2636,,Zaragoza
NaryaBlackfyre,NaryaBlackfyre,347,1340,80774,18131,Greenland,Neverland
galcahut,galcahut,240,36,3530,30,,
jancelbes,jancelbes,2440,2383,55252,21790,Madrid,
manel_martinezg,manel_martinezg,107,136,21022,11516,Madrid,
PerillaCaldes,PerillaCaldes,1474,619,9344,129,Athens,
BenayasBena,BenayasBena,301,199,6066,487,,MADRID
judimendikoa,judimendikoa,191,207,30601,10883,Madrid,Euskal Herria
rycclah,rycclah,935,42,713,2,,
Coyuco24Daniel,Coyuco24Daniel,261,161,8262,5839,,
LUCHALTERNATIVA,LUCHALTERNATIVA,698,2182,22160,1455,Amsterdam,
Altair_BlueWolf,Altair_BlueWolf,22,17,2236,3483,,
mohino50,mohino50,225,70,1916,1625,,
ElPutoKanko,ElPutoKanko,29,17,55,29,Madrid,
SatanasChungo,SatanasChungo,443,1652,374,1071,Athens,Infierno
Ramoniii13,Ramoniii13,257,138,5585,247,Madrid,Barceloneta
ManuelCostoya3,ManuelCostoya3,1773,1427,151334,11121,,
joseplata1958,joseplata1958,877,326,21053,7825,,"Barcelona, España"
charliemcgee1,charliemcgee1,655,474,29762,5787,Casablanca,GC
rohandahl89,rohandahl89,1773,754,59883,1,Pacific Time (US & Canada),
hayansorry,hayansorry,181,206,23449,21320,,
patogiacomino,patogiacomino,4246,4718,63458,37551,Madrid,ALICANTE - Spain
lluviatrisan,lluviatrisan,1095,730,9380,21361,,Aquí mismo
Jos3RG,Jos3RG,151,109,8156,14555,Madrid,
villar_caro,villar_caro,640,281,2969,478,,
TheGarci1,TheGarci1,384,359,6888,2711,,EH - Donostia
Jose_Parish,Jose_Parish,289,345,7761,3544,Madrid,Sevilla
PaniTheBoss,PaniTheBoss,701,11933,101013,101539,Madrid,"Lynchburg, TN - València, PV"
EUSKOGUDARI,EUSKOGUDARI,246,406,41658,153,Athens,"Bizkaia, País Vasco"
sergiomellark,sergiomellark,480,585,28357,24228,Madrid,"Distrito 12, Panem (Leganés)"
calimero_alasal,calimero_alasal,5,4,853,7,,
unamillaunpaso,unamillaunpaso,1836,808,36114,18096,Athens,
MikelPerez87,MikelPerez87,133,93,2058,830,,
TONINOVALENCIA,TONINOVALENCIA,946,742,10728,1556,,Valéncia
Sgarcia12SBD,Sgarcia12SBD,5092,4920,5972,459,,"Sabadell, Catalunya, España"
apcc43,apcc43,3288,945,14492,2102,Madrid,
Emcbng96,Emcbng96,78,83,12109,885,,
TELSONIANA,TELSONIANA,5003,1127,30771,130,,"Ciudad de los Angeles,Madrid"
AnaLlames,AnaLlames,2592,2571,195429,7473,,
aluniza2,aluniza2,881,1256,30585,7545,Madrid,
PabloSofio,PabloSofio,163,336,16632,4720,Amsterdam,"Alovera, España"
Miguel_H_G_,Miguel_H_G_,219,96,413,542,,
IKarmenkaz,IKarmenkaz,276,203,22349,2147,,
mikelarrietah,mikelarrietah,311,41,4040,39,,
yolanda262,yolanda262,356,763,47236,3166,Greenland,España
skamoni3,skamoni3,428,299,3167,551,Madrid,"Tortosa, Les Terres de l'Ebre"
dfloj,dfloj,323,89,2662,5154,Athens,
CocaMaite,CocaMaite,87,39,407,338,,
juliangrau,juliangrau,1634,1244,92568,90313,,"Barcelona, Catalunya"
domgonpri,domgonpri,607,137,1792,970,,
JBGandul,JBGandul,96,87,1828,234,Amsterdam,Galifrey
El_Gran_Lama,El_Gran_Lama,153,91,4548,74,Madrid,de paseo por Pavía
Irialume,Irialume,8288,7966,264187,132499,Madrid,
borjabaezabj,borjabaezabj,435,215,813,43,,"Baeza, España"
giftields,giftields,777,374,19892,37326,Madrid,"Mistery Shack, Gravity Falls"
javierfflores,javierfflores,266,153,1923,888,Greenland,Badalona
pilukify,pilukify,160,74,5220,633,,"Parets del Vallès, España"
evaortiz597,evaortiz597,11719,11842,171107,44506,,
SandrixPls,SandrixPls,244,558,81077,25227,Madrid,10880 Malibu Point 90265
marcosbgspain,marcosbgspain,69,150,8514,1206,,"Valencia, España"
AlejandroAntifa,AlejandroAntifa,553,337,5272,1065,,"Stalingrado,URSS"
analuna69,analuna69,542,189,5373,44,,
marc_strike,marc_strike,646,922,20234,9969,Athens,Neverland
AdelaRo90101767,AdelaRo90101767,113,61,4069,590,,
JuanyGar63,JuanyGar63,2803,9478,301081,42544,,Macondo
LeilaYStitch,LeilaYStitch,368,619,7985,1453,Pacific Time (US & Canada),Castilla socialista
rncbsn92,rncbsn92,788,235,11859,1416,Pacific Time (US & Canada),Madrid/Gran Canaria
patxipamplona,patxipamplona,240,150,2712,422,Lisbon,
miguelinpin,miguelinpin,2162,533,6791,8242,Madrid,Lanzarote | Canarias | España
el_amapola,el_amapola,200,86,1059,3,,
isoladafionas,isoladafionas,20,11,1566,11,,
er_retuiteado,er_retuiteado,2684,1160,81025,5,Pacific Time (US & Canada),
Agente03077434,Agente03077434,88,23,245,144,,
PabloGvx,PabloGvx,182,44,1016,489,,
adrianLG45,adrianLG45,103,179,37587,41302,,Españistán
Lolo_Sev,Lolo_Sev,2294,11388,103480,33356,Pacific Time (US & Canada),más allá de Orión
Mundoconmisojos,Mundoconmisojos,465,1718,35573,3408,Pacific Time (US & Canada),España
nonymousNews,nonymousNews,3460,7661,6778,512,Amsterdam,Ciudadan@s del Mundo
CarmenMayordom1,CarmenMayordom1,207,71,2335,409,,
DEEMIAN666,DEEMIAN666,4476,3660,47237,76,Pacific Time (US & Canada),
rosarobco,rosarobco,15505,16248,342547,181680,Madrid,Madrid
Lluis_Casanovas,Lluis_Casanovas,6953,8641,152086,40374,Madrid,"Reus and Cambrils, Catalunya ."
Garzoners_,Garzoners_,373,506,16110,10757,,En nuestro escaño (i+c)
Manjitklan,Manjitklan,123,142,11583,296,Madrid,kopon
Joseadpg,Joseadpg,1217,1612,108235,91530,Madrid,Madrid. España
4mayuscula,4mayuscula,202,2623,41497,74138,Europe/Madrid,Jaén - Madrid
ManuelG91623212,ManuelG91623212,2617,1541,63803,4777,,"Cataluña, España"
JohnConstantin1,JohnConstantin1,193,536,110062,57901,,Newcastle
Todd_Hockney,Todd_Hockney,3383,7072,57817,2359,Paris,UK
locuspolitikus,locuspolitikus,5136,5052,259298,21923,,"Barcelona, Cataluña"
Jafuselai,Jafuselai,481,651,27070,10212,Madrid,Islas Feroe ojalá
NaiaLaPapaya,NaiaLaPapaya,854,1588,67455,55349,Athens,"A palabras nazis, oídos rojos"
ViasEnri,ViasEnri,1423,1451,65283,30676,,Castellón
SanderLadetu,SanderLadetu,2939,3423,110394,2968,Greenland,
JoseMariArroyo,JoseMariArroyo,1667,842,13906,102,Madrid,
LAblaut,LAblaut,251,45,8468,1041,,
Andres_Boix,Andres_Boix,1213,5142,47794,1332,Paris,
BGB85,BGB85,1508,365,39030,1983,Athens,
AnaJuradoR,AnaJuradoR,487,304,15626,16639,,"Malgrat de Mar, España"
DomingoMachin,DomingoMachin,424,646,9747,11207,London,"Guiniguada, Awanyak n Taknara"
usualminds,usualminds,696,891,1402,601,Madrid,Huelva
fuentedelberro,fuentedelberro,22589,22453,60669,17043,,
naranjorafael2,naranjorafael2,6676,6570,49269,32870,Madrid,"Barcelona, Catalunya "
Rosario_Sanjuan,Rosario_Sanjuan,999,749,23595,7382,Europe/Madrid,
pedrojaviermar2,pedrojaviermar2,4106,4278,76026,15295,,El mundo
RichardRahl21,RichardRahl21,247,506,33556,29731,Amsterdam,
ismitis,ismitis,177,185,44,61,Madrid,
ccclaudiacr,ccclaudiacr,415,1289,41561,26074,Pacific Time (US & Canada),
lapepa1958,lapepa1958,49,34,3254,4687,,
PaulaIglesias11,PaulaIglesias11,416,621,19494,3675,International Date Line West,Cáceres.
hannahbcn1,hannahbcn1,2324,2076,85889,32930,Madrid,"Barcelona, Catalunya"
europa6565,europa6565,783,520,18205,1279,,"País Vasco, España"
mariavazquezgen,mariavazquezgen,453,680,46978,12113,Pacific Time (US & Canada),Galicia
Alberto_MSan,Alberto_MSan,152,166,10252,2965,Madrid,"Badajoz, España"
Espigao00,Espigao00,761,305,8341,660,Amsterdam,@TaaniaZ
queridotonisky,queridotonisky,304,916,160810,74002,Madrid,Mallorca-Club de la Serpiente.
PalPakiyo,PalPakiyo,1402,368,21628,2323,Madrid,
InesGilabert,InesGilabert,509,555,10878,5712,Belgrade,Beniarbeig - País Valencià 
LordPetricor,LordPetricor,277,763,24227,47873,,"Aguascalientes, México"
miralles1980,miralles1980,1168,984,24810,9602,Madrid,"Gouda, Nederland"
ComandanteVimes,ComandanteVimes,467,3616,288112,89595,Madrid,
aurora6501,aurora6501,415,235,20543,4397,Greenland,Logroño España
Kyke197,Kyke197,454,297,14366,7602,,Temerant
farre_esteban,farre_esteban,125,221,24567,15276,,República de Catalunya- UE. 
mariaolivermas,mariaolivermas,679,703,35888,23147,,"Sanet y Negrals, País Valencià"
antoniovl000,antoniovl000,5001,1377,26297,6160,Amsterdam,"Elfocidade, Spain"
PapiChiruli,PapiChiruli,9,10,130,120,,Burkina Faso
CultBetanceira,CultBetanceira,2005,445,4489,1317,Amsterdam,
Hemera81,Hemera81,321,105,3110,764,Athens,
Ccordong,Ccordong,199,182,3052,682,,Córdoba - España
Donovan_Bow,Donovan_Bow,141,497,12262,10013,Athens,
MatiasTrancas,MatiasTrancas,3507,1731,5191,225,,Españistán
plazadelxuquer,plazadelxuquer,429,230,13100,61,,Valencia-budapest
jvelascoerro,jvelascoerro,84,331,102729,2343,,
lescorniflaire,lescorniflaire,1491,2243,29094,15067,Madrid,"República de Catalunya, UE."
TaraEscarlata,TaraEscarlata,3444,5151,286706,111641,,
BartoloMolo,BartoloMolo,113,40,2964,1940,Ljubljana,"Barcelona, Cataluña"
mikeosin,mikeosin,585,341,5654,1119,Madrid,Donostia - Euskal Herria
bebeagua60,bebeagua60,2551,4250,74367,390,,
luk131256,luk131256,30,50,4877,11,,
Dariocofi,Dariocofi,180,131,14202,1885,,
jalcuten,jalcuten,299,208,1818,62,Madrid,Madrid
marcedber,marcedber,88,127,18286,9696,London,LANZAROTE
KikeMoratalaz,KikeMoratalaz,568,3047,72838,19517,Greenland,"Barrio de Moratalaz, Madrid"
noebah,noebah,1726,571,25794,6684,Amsterdam,21st Century Ireland-Spain
habladorymalo,habladorymalo,1507,1279,28399,10634,Pacific Time (US & Canada),"Logroño, La Rioja"
romano_nagel,romano_nagel,222,32,1047,55,Pacific Time (US & Canada),Aquí y allá...
AAbienestar,AAbienestar,698,871,1127,613,Madrid,"Comunidad de Madrid, España"
tonimanero1936,tonimanero1936,38,8,57,13,,"Madrid, Comunidad de Madrid"
GabrielFP19,GabrielFP19,646,939,18999,5224,Amsterdam,"Tonga, mon amour"
eidergorostiza,eidergorostiza,1716,3744,135088,215876,Athens,Euskal Herria
p1T25hLLsU6wTSp,p1T25hLLsU6wTSp,112,32,1302,1183,,
woodyleon,woodyleon,251,64,1526,123,Madrid,León (Spain)
lorenzoMangas,lorenzoMangas,245,122,1230,5458,,"Córdoba, España"
ENSANXEMOBB,ENSANXEMOBB,148,290,33692,6948,Athens,La Duat
kontxiportillo,kontxiportillo,181,27,1487,222,,
ArturoRojillo,ArturoRojillo,1723,1898,37161,10834,Greenland, Sarriguren
_Carlos_RqR,_Carlos_RqR,2822,2223,2948,1450,Madrid,
7Josean7,7Josean7,28338,28799,174050,136358,,"Bilbao, España"
EnfermeraTati,EnfermeraTati,516,83,4137,13,London,
kokoak11,kokoak11,285,22,333,34,,
RlCKHES,RlCKHES,3712,15085,101235,18652,Madrid,naz amby isa paige || WSC 2018
jotae1e,jotae1e,141,58,3585,166,Madrid,Barcelona
joseramb,joseramb,79,31,2607,517,Greenland,
000120o,000120o,508,3593,650415,88987,Pacific Time (US & Canada),Italia-Roma
V0uk0l,V0uk0l,390,83,1029,1812,,"Madrid, Comunidad de Madrid"
alterego1714,alterego1714,48,17,2510,1779,,
fredengomez,fredengomez,4705,1825,63758,20367,Madrid,"Cádiz, España"
7Xiang7,7Xiang7,340,162,11137,7229,Athens,
imaginenuri,imaginenuri,1280,1332,82352,15073,,Me hallo
BroggiElisa,BroggiElisa,2088,2269,149675,43429,London,"Now, between l'Escala and BCN."
juanma25553,juanma25553,97,82,8646,1883,,
Koldobikax,Koldobikax,338,45,1434,180,,Euskal Herria
Sr_Jfh,Sr_Jfh,164,174,2063,1187,,Mmmi caaaaassa 
jrzurita94,jrzurita94,300,314,10024,764,Amsterdam,Aznalcázar (Sevilla)
germanfonteseca,germanfonteseca,353,302,7790,548,Rome,España
AdrianMLomas,AdrianMLomas,193,238,16908,5245,,
Sertemus,Sertemus,2594,1626,30224,21582,Ljubljana,
manexaltuna,manexaltuna,648,379,1015,136,,
lfgcs,lfgcs,203,83,1085,3133,,
Octavi,Octavi,342,582,20318,42106,Copenhagen,"København, Danmark"
DelponFernando,DelponFernando,5001,2482,7542,4854,,
Rociotovs,Rociotovs,1522,1184,56619,2896,,
gabazkua,gabazkua,51,16,2435,798,Athens,
francesc130,francesc130,2270,2205,135004,25868,Hawaii,Sant Just Desvern
EduFran24,EduFran24,1826,672,58802,55400,Pacific Time (US & Canada),En mi casa
MiguelARevoluci,MiguelARevoluci,2668,1420,51839,24363,Berlin,"Madrid, Comunidad de Madrid"
NEVENKAWARNING,NEVENKAWARNING,9994,12573,246456,3781,Madrid,
Cconmemoria,Cconmemoria,3654,4722,75413,1882,Santiago,"Valparaíso, Chile"
V_G_R_,V_G_R_,785,215,6533,446,Athens,"Palencia, Valladolid."
carlisdiezh,carlisdiezh,613,384,15096,11771,,
comoespecie,comoespecie,5149,5071,24835,18820,Pacific Time (US & Canada),Andalucía 
juanjond69,juanjond69,2093,1013,25748,6387,Greenland,
Raikanil,Raikanil,112,486,63857,4841,Greenland,
wiwiaus,wiwiaus,39,71,2292,15155,Pacific Time (US & Canada),
AinaDiazV,AinaDiazV,1989,17573,91463,18399,Amsterdam,"Palma, Països Catalans"
vilsalvadir,vilsalvadir,8050,8239,30786,17030,Pacific Time (US & Canada),"Salamanca, España"
Mari_Sol_GH,Mari_Sol_GH,721,1135,70392,40773,,
TalaEnric,TalaEnric,1005,534,21950,9738,,
blancobello,blancobello,1582,2171,170325,39797,Eastern Time (US & Canada),
salvadorsanvil1,salvadorsanvil1,35381,35450,90695,39636,,***SALAMANCA***
Trix69Luisma,Trix69Luisma,2013,1357,44269,42174,Pacific Time (US & Canada),
abdelahe64,abdelahe64,347,76,10791,12,,
fermont1965,fermont1965,9195,32815,125845,41690,Athens,sevilla
davidrod689,davidrod689,241,232,11638,18465,,
DaviloKendo,DaviloKendo,46,53,8168,326,,
Posvaserksi,Posvaserksi,533,180,1573,381,Greenland,Mediterraneo de los Fenicios.
bot_otako,bot_otako,0,20,4907,0,Pacific Time (US & Canada),
vanecorlao,vanecorlao,4698,4710,40279,7826,,"Meliana, Comunidad Valenciana"
sergi_alla,sergi_alla,1224,810,28360,483,,
grillearenas,grillearenas,191,132,27386,1454,,Madrid
ffchll,ffchll,646,1209,80301,183750,,
indiggato,indiggato,2760,2864,66515,5400,,
estupefalso,estupefalso,1071,794,97143,8159,,
Ruteoes,Ruteoes,206,201,29749,174,Athens,Barcelona
Robcampnou67,Robcampnou67,2888,3572,214183,21103,Athens,valladolid
keledenxahi,keledenxahi,778,577,6962,1509,,
lupinthebost,lupinthebost,1042,607,33942,15390,,
pakobloom,pakobloom,2969,3001,46000,1963,,
cabiria0203,cabiria0203,2082,3923,110429,67453,Ljubljana,
Einyel16,Einyel16,204,99,62685,25321,Madrid,Carthago Nova
OkamiMarc15,OkamiMarc15,694,647,43453,31944,Madrid,Barcelona
Neon_Templar,Neon_Templar,102,93,3803,2156,Madrid,Madrid/Hellín
PeggyMaswell,PeggyMaswell,1070,1002,13726,4109,Madrid,Catalunya TRAM 1 #ViaLliure11S
martamm06,martamm06,1736,1118,12234,8904,Madrid,País Valencià 
RZigna,RZigna,532,341,11832,15439,Madrid,Calatayud-Tarazona-Zaragoza
Mluisaalarcon2,Mluisaalarcon2,149,53,2189,15,,alaquas
BelenSaP97,BelenSaP97,402,600,36080,4935,Madrid,"Jerez de la Frontera, España "
MartxeloDiaz,MartxeloDiaz,1882,5262,49376,2622,Athens,Iruñea-Donostia
The2_Men,The2_Men,125,44,1367,2843,Madrid,Chernóbil
bender210277,bender210277,2254,4270,151453,183672,,País Valenciá
BergilioG,BergilioG,29,23,614,3668,,
tesigolapista,tesigolapista,337,38,2384,2769,Athens,
mirallers,mirallers,245,24,76,752,,
Antonio16794231,Antonio16794231,91,384,40166,3718,,"Sevilla, España"
nanimiranda2014,nanimiranda2014,1053,1507,45738,19678,Belgrade,Del Mundo.
TrasherSBP,TrasherSBP,168,26,594,34,Madrid,
GARA_ialtuna,GARA_ialtuna,219,1598,3004,68,Brussels,Euskal Herria
SEGUIDORJORGEP,SEGUIDORJORGEP,6765,6549,16210,127,Eastern Time (US & Canada),Colombia
LoFuflunet,LoFuflunet,4134,4264,39745,14560,Madrid,Catalunya
rcabrero75,rcabrero75,2385,37143,35746,54989,,
SoniaTdRosario,SoniaTdRosario,155,189,15752,9694,,
alsanan,alsanan,233,207,8612,148,Madrid,"algemesí, PV"
Fapo07,Fapo07,349,115,4820,6120,Pacific Time (US & Canada),
MrAdrianki,MrAdrianki,34,23,232,183,London,"Barcelona, España, Jamonia"
LocoDeDesatar,LocoDeDesatar,25,38,1632,3419,Madrid,En El Patriarcado
andreumas1995,andreumas1995,2196,406,2926,1381,Madrid,Aldaia (País Valencià)
DGR33654967,DGR33654967,63,110,20523,4763,,
pinrolia,pinrolia,103,54,2715,1619,,
rojos_tomates,rojos_tomates,339,160,720,319,,
_SrPompas,_SrPompas,769,806,71970,12285,Madrid,Celda 562 de Arkham Asylum.
TomasUser,TomasUser,982,323,13812,7947,Madrid,
MarBcn04,MarBcn04,1147,835,22235,23554,,
MontarazTrancos,MontarazTrancos,1000,1070,9399,5091,Pacific Time (US & Canada),
TonitoLeco,TonitoLeco,1630,1203,38669,33293,,
SoniaEspinar1,SoniaEspinar1,143,165,16996,15940,Athens,
maximors63,maximors63,4240,5410,253165,58310,,Las Palmas de Gran Canaria
Super_Manu_RC,Super_Manu_RC,64,22,3482,779,Madrid,
fjmolinacampos,fjmolinacampos,598,450,25151,1686,,Málaga 
cleosagas,cleosagas,1006,1024,49280,10954,Pacific Time (US & Canada),
davidpcamarena,davidpcamarena,1308,660,23627,1554,Madrid,"Málaga, Spain"
pabloferco72,pabloferco72,1121,1034,39889,96624,Madrid," En Benidorm, de Hortaleza."
MiBaires,MiBaires,1634,2209,143609,109699,Belgrade,"Carabanchel, Madrid, España"
milagros_andreu,milagros_andreu,1792,635,81016,81713,,"Andalucía, España"
GeminaNpaz,GeminaNpaz,78,32,5306,332,,"Valladolid, España"
RamirezSote,RamirezSote,857,1220,95456,54238,Pacific Time (US & Canada),
guillehoyas,guillehoyas,566,499,5380,5185,Amsterdam,
Potxokli,Potxokli,179,237,13448,45173,Pacific Time (US & Canada),
Pevi26102891,Pevi26102891,207,65,4491,84,,
Shaman_troll,Shaman_troll,295,106,1581,3186,,Zul'Gurub
YORYO25MD,YORYO25MD,649,624,99142,2682,,"Madrid, Villa Vallecas"
sombraygol,sombraygol,120,44,1781,324,,
Rojinegro125,Rojinegro125,737,676,10709,1577,Pacific Time (US & Canada),
IvalleValle,IvalleValle,556,704,49254,18506,,España 
XavicIIII,XavicIIII,333,140,5338,2496,Dublin,Catalunya
tiblanquitalil1,tiblanquitalil1,33,158,22110,17907,,
BobEstropajo,BobEstropajo,4023,63543,99811,170114,Madrid,bob@bobestropajo.com
hectoorjg,hectoorjg,233,199,3272,3817,,everywhere
victorherrer1,victorherrer1,115,234,18934,6049,,En Zaragoza co
manssiniuno,manssiniuno,592,303,52358,38,,
Bastetlove3,Bastetlove3,5938,9411,146857,109120,,Córdoba
adautoacre,adautoacre,2636,346,6441,9008,,
Xielox1,Xielox1,983,560,32284,15942,,
Tereram2013,Tereram2013,1860,2078,86156,22422,,
lamalpagada2,lamalpagada2,1390,1090,15304,2049,,"A Coruña, Galicia"
Dorifibroamigos,Dorifibroamigos,954,648,16670,288,Madrid,España
pacohortado,pacohortado,1713,2487,59308,6104,Madrid,
agvisus,agvisus,45,30,384,469,,Barcelona 
blackletter98,blackletter98,1343,1663,15754,5350,,España
micro16f84a,micro16f84a,2599,2221,19428,24034,Europe/Madrid,España
DSanter,DSanter,388,480,24278,9724,Pacific Time (US & Canada),Gijon
nuriabenet77,nuriabenet77,3490,5334,295295,185983,Madrid,
__CarmenLopez,__CarmenLopez,9722,11774,80765,29841,Pacific Time (US & Canada),
Manuela08591448,Manuela08591448,164,124,4636,1245,,
martaluciaruiza,martaluciaruiza,1616,1725,57535,35996,,
moradoramon,moradoramon,960,815,19801,87,,"Coslada, España"
TIP_RETURNS,TIP_RETURNS,14134,50389,56199,4832,Hawaii,En un bar de Mossen Femades
1717Carmen,1717Carmen,1943,1329,35200,10569,,
samsonXu,samsonXu,253,244,31651,184,Pacific Time (US & Canada),"Barcelona, Cataluña"
JuliaBayo1,JuliaBayo1,1369,706,8483,6190,,
ThePumpkinGrin,ThePumpkinGrin,1090,1091,13002,42970,Athens,Sevilla / Umadhun
merce_blitz,merce_blitz,341,1012,196229,17413,,Barcelona 
eballest9,eballest9,237,94,5788,4298,,
anmay57,anmay57,1710,1824,136381,17152,Europe/Madrid,Alcala de Henares
allimite,allimite,3415,2349,78058,54972,Madrid,"Catalunya, España"
ANY1529,ANY1529,458,264,14138,6415,,
oshcar004,oshcar004,2126,3177,57601,4019,Atlantic Time (Canada),"Talcahuano / Valencia, España"
jacamp98,jacamp98,674,1265,140615,13118,Madrid,Alicante
subversivos_,subversivos_,11747,205105,267790,12445,Madrid,
muxaineta,muxaineta,1112,1541,62896,45504,,
ARKAITX14_4_69,ARKAITX14_4_69,2728,506,127230,11734,Greenland,MIS DOCUMENTOS
manueljarias,manueljarias,21972,29651,40427,7715,Greenland,Toledo
3kko93,3kko93,96,18,1434,960,Pacific Time (US & Canada),
albertomontxo,albertomontxo,142,54,6521,636,Madrid,
pacoeldeltaco,pacoeldeltaco,1015,901,10196,6705,,
roy_swan,roy_swan,4589,4240,54309,49541,,
Pettrolero,Pettrolero,281,113,2781,9458,,"Jaén, España"
Jesus_gg9,Jesus_gg9,743,298,8168,1858,Athens,Bar
Waterlord,Waterlord,1066,617,48220,18564,Europe/Madrid,"Huelva, Spain"
Zurine3,Zurine3,74364,74866,330508,78217,Greenland,Bilbao
barnimile,barnimile,896,694,16749,16101,,"Premià de Dalt, Catalunya"
xandascousas,xandascousas,3575,3928,84224,7462,Madrid,A Coruña - España
kabakuk1,kabakuk1,711,226,140761,42005,Amsterdam,
tukaran,tukaran,544,197,7408,3540,Madrid,A Coruña-Marvel-A Coruña
Enfermosbecker,Enfermosbecker,2189,618,15432,3060,Madrid,Zaragoza
Llomismo,Llomismo,148,55,5402,5435,,Euskalerria
IvanSysan,IvanSysan,168,73,3152,176,Belgrade,Drangleic
TheDoctor_Tyler,TheDoctor_Tyler,282,33,247,427,Madrid,En la TARDIS con el Doctor
PIJOAPARTEMARSE,PIJOAPARTEMARSE,492,1079,110487,11856,Madrid,"Almuñécar, España"
carloslitus14,carloslitus14,962,979,115526,2804,,
majara0,majara0,430,16890,64010,46916,Madrid,http://bit.ly/2aBX4nT
NayadeTor,NayadeTor,2277,2274,41129,32821,Pacific Time (US & Canada),
angsimpa,angsimpa,3974,4418,330820,129481,Madrid,
Im_CTO_bitch,Im_CTO_bitch,782,3350,342249,183,Athens,España
Rubmanrique,Rubmanrique,1384,1472,17854,8716,,Ciudad de Madrid
AlbertoConchaM,AlbertoConchaM,566,380,23964,9422,,Galicia
EvaGSempere,EvaGSempere,946,2825,6344,4571,,Málaga
PilarHLuc,PilarHLuc,3284,11477,145689,105016,Madrid,
LaTevaVida,LaTevaVida,424,5747,100463,55793,,Barcelona
amendezsa,amendezsa,11702,10669,24343,1330,Belgrade,
deniskny95yf,deniskny95yf,30,7,384,352,,
underwatercat1,underwatercat1,421,218,3381,2077,,EGEO
pashaiegr,pashaiegr,49,14,632,567,,
PabloRapp,PabloRapp,1062,1605,17644,1343,Madrid,Asteroide B612 (Cádiz-Sevilla)
pestovagulnara6,pestovagulnara6,27,11,372,309,,
LollyMolly75,LollyMolly75,242,303,21362,11201,Pacific Time (US & Canada),The Cluster❇
jamengar38,jamengar38,98,40,5471,53,,
pere_escude,pere_escude,37,12,685,1164,,
loginovayanuar6,loginovayanuar6,28,6,426,362,,
xaviergomes95,xaviergomes95,710,684,15432,6400,,"Candelaria, España"
il_largia,il_largia,558,597,83492,13939,Madrid,"Norton Disney, England"
annitatomas,annitatomas,303,334,36472,7659,Madrid,oh fuck 
adrianMDB96,adrianMDB96,129,122,1472,525,,
ChillaSaludos,ChillaSaludos,448,476,57295,10477,Greenland,Jerez-Cádiz-Borlänge
Cartasbcn,Cartasbcn,77,43,4253,959,,BCN
MakeCortes,MakeCortes,89,200,4125,10021,Madrid,Rocafort
Anton3_Gz,Anton3_Gz,1270,717,12967,2064,Amsterdam,Sempre en Galiza
emiliogl,emiliogl,330,96,1133,166,Madrid,Madrid
david_orso,david_orso,574,1026,24774,13023,Madrid,Belorado 
VictorMCasco,VictorMCasco,1617,4383,15793,974,Hawaii,"Caceres, Extremadura"
EstherDelRioN,EstherDelRioN,425,443,11650,4425,Amsterdam,
LuciaMontejo,LuciaMontejo,116,996,11102,1013,Madrid,Asturies/ Mundu alantre
gregorio_1995_,gregorio_1995_,1018,820,35812,7501,Madrid,Sevilla
HastaLaPolio,HastaLaPolio,777,141,5021,515,,El coño de la Bernarda
DanteJvgozalvez,DanteJvgozalvez,22,9,116,67,,aqui. 
Tito_Hit,Tito_Hit,545,5296,99628,127134,Athens,Entre Sevilla y Cadiz
RaulTarraga,RaulTarraga,1393,1525,14397,7511,Madrid,"San Javier, España"
Tori_Luispi,Tori_Luispi,77,247,10416,6769,,"Madrid, Comunidad de Madrid"
IfeOcio,IfeOcio,1133,902,35565,58,,20870-Elgoibar
EspejoJM1,EspejoJM1,1257,1411,53059,8161,Madrid,
emoyoyo,emoyoyo,2205,1188,22836,6382,Berlin,WonderLand
jorgegmerino,jorgegmerino,1968,2186,14500,12347,Hawaii,
IUnuncamas,IUnuncamas,1955,252,2309,785,Amsterdam,Andalusía
Hackenbukh,Hackenbukh,771,274,9516,4723,Athens,
AngelMentor2013,AngelMentor2013,731,619,44498,42148,,Huesca
TecnoBotijo,TecnoBotijo,182,1752,10229,7187,Madrid,"Botija, Extremadura"
ernst_haffner,ernst_haffner,1015,376,42770,50981,Belgrade,
camparras,camparras,109,59,2015,614,Pacific Time (US & Canada),"Colchester, England"
__Monchi___,__Monchi___,114,1526,38162,40592,Ljubljana,Pokón
Razgri_Z,Razgri_Z,349,471,12919,10466,Madrid,"Málaga, España"
W_Genz0,W_Genz0,277,69,1223,2561,Madrid,Spain
edgarpoe91,edgarpoe91,701,362,7010,4844,Amsterdam,Málaga 
Sassapple,Sassapple,391,349,10752,4775,Lisbon,
eriksino,eriksino,247,127,2757,1302,Athens,
Andresalme,Andresalme,394,356,22133,2021,Amsterdam,
mama_d0rita,mama_d0rita,141,26,642,1407,Amsterdam,
tonyselbor,tonyselbor,1365,1347,3632,14,Caracas,Venezuela
Santifilcar,Santifilcar,245,172,5581,488,Amsterdam,
Malale_Chan,Malale_Chan,102,107,51888,5604,Greenland,España
EstherCld,EstherCld,2961,6709,230633,62876,,
jan_e_kraft,jan_e_kraft,1840,863,11525,5277,,Navarra
pielsolma,pielsolma,1010,1498,119060,21728,Athens,"Cantabria, España"
altoba1965,altoba1965,1503,1536,44249,12885,Madrid,
DieegoVG,DieegoVG,369,155,3354,1991,,"Santander, Cantabria"
PabloCabrejas,PabloCabrejas,232,133,16834,4007,Madrid,
Libres_org,Libres_org,266,451,1979,22,,"Santander, Cantabria"
Feminazi_Zombie,Feminazi_Zombie,152,696,3133,2903,Pacific Time (US & Canada),Hijo del Patriarcadito
sergiocr_,sergiocr_,223,302,17342,5888,Amsterdam,"Toronto, The Great Northern"
quiqueregi,quiqueregi,1256,626,17309,3129,Madrid,"Valencia, España"
2005sjusi,2005sjusi,573,609,27369,15402,Pacific Time (US & Canada),Costa Daurada
itziar_nafarroa,itziar_nafarroa,759,398,36745,48846,,
gorxi,gorxi,1835,2023,39496,5945,,Barcelona
fisionines,fisionines,706,367,8082,9959,Madrid,Madrid
OndaGlobalMedia,OndaGlobalMedia,1971,422,4676,693,Madrid,España
Tomas_Abril,Tomas_Abril,2152,1004,44165,19666,Madrid,"Ferrol, España"
mygglez,mygglez,356,170,1330,2008,,"Toulouse, Francia"
marealatinoame1,marealatinoame1,344,288,1072,160,,"Madrid, Comunidad de Madrid"
Barbijaputa,Barbijaputa,914,240655,115494,36342,Madrid,#RadFem
69anonimous69,69anonimous69,54,59,646,611,,
Flaco_Favor_,Flaco_Favor_,111,2309,540,185,,Patriarcado
ocelotl101,ocelotl101,493,94,4115,3549,Madrid,
Gua47,Gua47,1249,1333,72922,3881,,
zeliyo,zeliyo,2219,2130,34461,4514,Pacific Time (US & Canada),Redpública de España
Gus0105,Gus0105,173,107,3629,5644,,donde tu quierah mamu
Mostandiella,Mostandiella,264,212,11250,6384,,Asturias
elisamariasi,elisamariasi,1408,951,43786,6430,Greenland,España
apema35,apema35,1846,1528,14227,6698,Central Time (US & Canada),
fpicadov,fpicadov,126,48,4933,3196,,
JanethAChavez,JanethAChavez,1836,3394,1792,162,Eastern Time (US & Canada),"Rayones, Nuevo León"
luciamololo,luciamololo,542,513,10781,4192,Pacific Time (US & Canada),"Oviedo, Principado de Asturias"
alexirurtzun,alexirurtzun,320,358,15197,20008,Ljubljana,"Euskal Herria, Bilbo"
tumamamelamima,tumamamelamima,139,76,3155,2098,,
ignalopez94,ignalopez94,72,145,2799,2249,,
ll_lluis,ll_lluis,88,32,248,114,Pacific Time (US & Canada),"Sueca, País Valencià"
alkesstt,alkesstt,188,189,14258,14895,Amsterdam,"Malaga, Spain"
jooselu_31,jooselu_31,173,125,314,581,Athens,
aangelonib,aangelonib,427,484,30939,10531,Paris,"País Valencià, Països Catalans"
xevivic,xevivic,1927,631,8924,16105,Madrid,vic Catalunya
BoixPascual,BoixPascual,33,21,75,46,,
josele1044,josele1044,1597,1595,56389,3100,Amsterdam,
BelikaGomez,BelikaGomez,283,211,4302,1914,Athens,We are the stars tonight. 
AdrianSB96,AdrianSB96,305,610,39503,3891,Madrid,OVD 
AlejandroFdez9,AlejandroFdez9,152,149,9199,4493,Madrid,"Jerez de la Frontera, España"
MariaMerelle,MariaMerelle,170,16,728,634,, 
ab_manrique,ab_manrique,139,139,21556,1609,Amsterdam,
EmilioCazorlaL1,EmilioCazorlaL1,161,74,3065,481,,"Barcelona, Cataluña. España."
JulioPazos,JulioPazos,1331,851,14665,4076,Madrid,Vigo
otroindignaomas,otroindignaomas,219,111,8359,5577,Madrid,Españistán
JorgeNu98,JorgeNu98,265,163,2247,622,Madrid,"Mi mente, mi templo."
juansp18,juansp18,1244,702,2724,3000,Greenland,Sevilla - Cádiz
TheRedBerkut11,TheRedBerkut11,1699,638,8017,7624,,De la pàtria del teu cos.
GCOLUDD,GCOLUDD,3015,486,70952,9039,Madrid,
Mireiia28,Mireiia28,762,719,20524,10367,Madrid,País Valencià 
BIackesito,BIackesito,218,239,24115,4230,London,Logia's Maintenance Room
cocacolov,cocacolov,160,182,31069,44,Madrid,
racuvi,racuvi,71,566,53609,567,Athens,
danidetuxe,danidetuxe,1211,597,29190,28287,Amsterdam,
montes18295,montes18295,46,74,4578,383,,ANTIFASCISTA SIEMPRE
FILIGRANAS710,FILIGRANAS710,175,89,2110,1591,,En un lugar de Madrid
5449Jimena,5449Jimena,375,127,5327,920,Pacific Time (US & Canada),Madrid
josealicante68,josealicante68,2235,1176,103759,1404,Madrid,
AnaGarciaArrese,AnaGarciaArrese,234,132,22530,17946,Madrid,"Ames, Iowa, Galiza, spain "
jmasevilla1,jmasevilla1,83,31,342,74,,"Sevilla, España"
lolkdices,lolkdices,234,337,30078,19663,Madrid,"Córdoba, España"
aleixen__,aleixen__,1911,1414,22675,29102,Hawaii,"Guadalajara, España"
danivid99,danivid99,53,48,144,61,,Elo Hell
RialMedina,RialMedina,4100,1888,22692,901,Pacific Time (US & Canada),@Puigreig i @elbaixllobregat
MegaNoKadabra,MegaNoKadabra,180,120,4106,1338,Pacific Time (US & Canada),Calle Ferraz n°70
paisoscatalans,paisoscatalans,5000,4297,44815,60,,Països Catalans
Rubidio80,Rubidio80,315,45,841,392,,
alf_skyline,alf_skyline,332,305,23103,3629,Madrid,"nº 7, calle Melancolía"
blankka78,blankka78,1329,878,22729,4928,,Pandereta country
JosebaComico,JosebaComico,1133,6708,32677,14230,,Marte 
mecasoensoria,mecasoensoria,471,342,12669,1584,Amsterdam,Alive & kicking
delaniano,delaniano,125,12,2255,143,Dublin,
luquinf2011,luquinf2011,115,24,906,1077,Madrid,
domingo_montoya,domingo_montoya,209,301,1863,1154,Amsterdam,
Sr_Recursos,Sr_Recursos,939,167,22262,384,Belgrade,"Municipio Carrizal, Miranda"
asarduy,asarduy,11241,11021,37764,619,Madrid,Madrid
nabilu2,nabilu2,3260,2916,79371,3298,,En un lugar llamado Mundo
hackeralrey,hackeralrey,8078,8201,20989,21234,Madrid,
posoyemaifren,posoyemaifren,179,443,10525,4874,Hawaii,
yom16smo,yom16smo,2139,956,13900,11032,Pacific Time (US & Canada),
LorenAlvarez83,LorenAlvarez83,127,56,3336,240,Brisbane,Santako
jimenezrosa756,jimenezrosa756,288,241,10080,9763,,
Hipoxia78,Hipoxia78,6,3,74,28,,
antoniovp_98,antoniovp_98,792,879,79928,76274,Amsterdam,Sevilla➡Jaen
kerrigan_sarahL,kerrigan_sarahL,158,45,1075,1844,Hawaii,
calabuk,calabuk,2561,1963,73205,18272,Madrid,S◉L
AntonioWeezer,AntonioWeezer,100,106,4029,230,Madrid,Madrid
pasteverdiales,pasteverdiales,671,177,130,40,,calle 28 de febrero local n.4 
naranevermind_,naranevermind_,109,56,947,1383,,
Josu_gorria,Josu_gorria,897,661,18206,20896,Berlin,Ipar Euskal Herrian
GatoHitleriano,GatoHitleriano,929,5810,252791,146137,Madrid,Lago de Fuego Eterno de Satán.
MisterfachabotZ,MisterfachabotZ,58,41,4216,352,Pacific Time (US & Canada),Zelda
daniel11_10,daniel11_10,131,89,3641,15434,,
blxnddie,blxnddie,382,471,7810,4894,,"Madrid, Spain"
Heisengkey,Heisengkey,174,110,6886,850,Athens,Farhampton 
SevillaSFI,SevillaSFI,1472,1398,46643,7396,London,
LeiiMartin,LeiiMartin,186,390,36010,11890,Amsterdam,Sinnoh
